연도,대상사고 구분명,사고건수,사망자수,부상자수,인구10만명당 사고건수,자동차1만대당 사고건수,과속,중앙선 침범,신호위반,안전거리 미확보,안전운전 의무 불이행,보행자 보호의무 위반,기타,차대사람,차대차,차량단독,철길건널목,법정동코드
2020,전체,35227,219,47513,366.88,96.3,102,953,4103,5110,19537,1322,2922,7671,26508,1048,0,1100
2020,어린이사고,928,2,1078,,,,,,,,,,,,,,1100
2020,노인사고,5056,86,5279,,,,,,,,,,,,,,1100
2020,보행자사고,7705,115,7841,,,,,,,,,,,,,,1100
2020,자전거사고,1802,14,2018,,,,,,,,,,,,,,1100
2020,야간사고,15381,117,21406,,,,,,,,,,,,,,1100
2020,어린이보행사고,273,2,276,,,,,,,,,,,,,,1100
2020,스쿨존내어린이사고,65,0,70,,,,,,,,,,,,,,1100
2020,고령운전사고,5318,44,7037,,,,,,,,,,,,,,1100
2020,고령보행사고,1805,59,1767,,,,,,,,,,,,,,1100
2020,PM사고,387,1,420,,,,,,,,,,,,,,1100
2020,뺑소니사고,751,2,1105,,,,,,,,,,,,,,1100
2020,무면허사고,571,5,774,,,,,,,,,,,,,,1100
2020,전체,903,5,1224,567.94,142.25,0,31,108,166,463,30,70,223,648,32,0,1101
2020,어린이사고,16,0,19,,,,,,,,,,,,,,1101
2020,노인사고,147,2,153,,,,,,,,,,,,,,1101
2020,보행자사고,226,2,234,,,,,,,,,,,,,,1101
2020,자전거사고,20,1,23,,,,,,,,,,,,,,1101
2020,야간사고,377,1,520,,,,,,,,,,,,,,1101
2020,어린이보행사고,2,0,3,,,,,,,,,,,,,,1101
2020,스쿨존내어린이사고,1,0,1,,,,,,,,,,,,,,1101
2020,고령운전사고,145,0,202,,,,,,,,,,,,,,1101
2020,고령보행사고,57,2,56,,,,,,,,,,,,,,1101
2020,PM사고,7,0,8,,,,,,,,,,,,,,1101
2020,뺑소니사고,31,0,44,,,,,,,,,,,,,,1101
2020,무면허사고,8,0,10,,,,,,,,,,,,,,1101
2020,전체,955,6,1248,709.33,145.68,3,30,118,197,480,24,58,239,678,38,0,1102
2020,어린이사고,14,0,15,,,,,,,,,,,,,,1102
2020,노인사고,161,2,163,,,,,,,,,,,,,,1102
2020,보행자사고,246,1,254,,,,,,,,,,,,,,1102
2020,자전거사고,20,0,21,,,,,,,,,,,,,,1102
2020,야간사고,411,4,548,,,,,,,,,,,,,,1102
2020,어린이보행사고,7,0,7,,,,,,,,,,,,,,1102
2020,스쿨존내어린이사고,2,0,2,,,,,,,,,,,,,,1102
2020,고령운전사고,175,0,224,,,,,,,,,,,,,,1102
2020,고령보행사고,67,1,66,,,,,,,,,,,,,,1102
2020,PM사고,8,0,9,,,,,,,,,,,,,,1102
2020,뺑소니사고,14,0,17,,,,,,,,,,,,,,1102
2020,무면허사고,15,0,18,,,,,,,,,,,,,,1102
2020,전체,890,12,1178,363.79,92.94,10,24,96,154,509,14,57,155,697,38,0,1103
2020,어린이사고,24,0,28,,,,,,,,,,,,,,1103
2020,노인사고,95,4,97,,,,,,,,,,,,,,1103
2020,보행자사고,159,6,158,,,,,,,,,,,,,,1103
2020,자전거사고,18,0,22,,,,,,,,,,,,,,1103
2020,야간사고,399,6,575,,,,,,,,,,,,,,1103
2020,어린이보행사고,8,0,8,,,,,,,,,,,,,,1103
2020,스쿨존내어린이사고,2,0,2,,,,,,,,,,,,,,1103
2020,고령운전사고,116,2,143,,,,,,,,,,,,,,1103
2020,고령보행사고,31,4,28,,,,,,,,,,,,,,1103
2020,PM사고,4,0,4,,,,,,,,,,,,,,1103
2020,뺑소니사고,25,0,33,,,,,,,,,,,,,,1103
2020,무면허사고,15,0,20,,,,,,,,,,,,,,1103
2020,전체,1119,9,1481,372.37,88.69,5,31,132,185,615,44,73,244,845,30,0,1104
2020,어린이사고,18,0,20,,,,,,,,,,,,,,1104
2020,노인사고,158,6,159,,,,,,,,,,,,,,1104
2020,보행자사고,244,5,248,,,,,,,,,,,,,,1104
2020,자전거사고,93,1,102,,,,,,,,,,,,,,1104
2020,야간사고,503,4,712,,,,,,,,,,,,,,1104
2020,어린이보행사고,4,0,4,,,,,,,,,,,,,,1104
2020,스쿨존내어린이사고,1,0,1,,,,,,,,,,,,,,1104
2020,고령운전사고,146,2,192,,,,,,,,,,,,,,1104
2020,고령보행사고,58,5,54,,,,,,,,,,,,,,1104
2020,PM사고,15,0,15,,,,,,,,,,,,,,1104
2020,뺑소니사고,15,0,20,,,,,,,,,,,,,,1104
2020,무면허사고,17,0,26,,,,,,,,,,,,,,1104
2020,전체,1448,10,1845,405.59,118.66,5,49,206,204,753,28,149,331,1067,50,0,1105
2020,어린이사고,31,0,33,,,,,,,,,,,,,,1105
2020,노인사고,289,2,298,,,,,,,,,,,,,,1105
2020,보행자사고,331,5,336,,,,,,,,,,,,,,1105
2020,자전거사고,114,0,126,,,,,,,,,,,,,,1105
2020,야간사고,595,4,805,,,,,,,,,,,,,,1105
2020,어린이보행사고,8,0,8,,,,,,,,,,,,,,1105
2020,스쿨존내어린이사고,4,0,4,,,,,,,,,,,,,,1105
2020,고령운전사고,250,2,288,,,,,,,,,,,,,,1105
2020,고령보행사고,127,1,128,,,,,,,,,,,,,,1105
2020,PM사고,12,1,11,,,,,,,,,,,,,,1105
2020,뺑소니사고,20,0,35,,,,,,,,,,,,,,1105
2020,무면허사고,30,0,40,,,,,,,,,,,,,,1105
2020,전체,1275,7,1622,285.2,86.86,0,46,141,257,646,32,93,340,898,37,0,1106
2020,어린이사고,32,0,35,,,,,,,,,,,,,,1106
2020,노인사고,214,3,218,,,,,,,,,,,,,,1106
2020,보행자사고,340,3,345,,,,,,,,,,,,,,1106
2020,자전거사고,40,0,44,,,,,,,,,,,,,,1106
2020,야간사고,536,4,716,,,,,,,,,,,,,,1106
2020,어린이보행사고,13,0,13,,,,,,,,,,,,,,1106
2020,스쿨존내어린이사고,2,0,2,,,,,,,,,,,,,,1106
2020,고령운전사고,209,0,252,,,,,,,,,,,,,,1106
2020,고령보행사고,109,2,109,,,,,,,,,,,,,,1106
2020,PM사고,4,0,4,,,,,,,,,,,,,,1106
2020,뺑소니사고,19,0,25,,,,,,,,,,,,,,1106
2020,무면허사고,14,0,15,,,,,,,,,,,,,,1106
2020,전체,741,7,990,226.36,66.86,2,19,114,73,404,18,81,224,490,27,0,1107
2020,어린이사고,19,0,20,,,,,,,,,,,,,,1107
2020,노인사고,160,4,167,,,,,,,,,,,,,,1107
2020,보행자사고,224,4,225,,,,,,,,,,,,,,1107
2020,자전거사고,57,1,60,,,,,,,,,,,,,,1107
2020,야간사고,305,2,421,,,,,,,,,,,,,,1107
2020,어린이보행사고,9,0,9,,,,,,,,,,,,,,1107
2020,스쿨존내어린이사고,2,0,2,,,,,,,,,,,,,,1107
2020,고령운전사고,123,2,149,,,,,,,,,,,,,,1107
2020,고령보행사고,78,3,75,,,,,,,,,,,,,,1107
2020,PM사고,6,0,6,,,,,,,,,,,,,,1107
2020,뺑소니사고,10,0,12,,,,,,,,,,,,,,1107
2020,무면허사고,8,0,11,,,,,,,,,,,,,,1107
2020,전체,953,14,1415,196.88,62.09,4,18,156,60,560,39,75,275,644,34,0,1108
2020,어린이사고,36,0,42,,,,,,,,,,,,,,1108
2020,노인사고,195,8,199,,,,,,,,,,,,,,1108
2020,보행자사고,275,10,273,,,,,,,,,,,,,,1108
2020,자전거사고,43,1,46,,,,,,,,,,,,,,1108
2020,야간사고,433,8,660,,,,,,,,,,,,,,1108
2020,어린이보행사고,12,0,12,,,,,,,,,,,,,,1108
2020,스쿨존내어린이사고,1,0,1,,,,,,,,,,,,,,1108
2020,고령운전사고,166,4,243,,,,,,,,,,,,,,1108
2020,고령보행사고,71,6,67,,,,,,,,,,,,,,1108
2020,PM사고,3,0,3,,,,,,,,,,,,,,1108
2020,뺑소니사고,31,0,38,,,,,,,,,,,,,,1108
2020,무면허사고,19,0,26,,,,,,,,,,,,,,1108
2020,전체,928,6,1256,287.35,88.7,4,14,106,108,503,66,96,207,686,35,0,1109
2020,어린이사고,36,1,42,,,,,,,,,,,,,,1109
2020,노인사고,137,2,141,,,,,,,,,,,,,,1109
2020,보행자사고,208,6,213,,,,,,,,,,,,,,1109
2020,자전거사고,38,1,39,,,,,,,,,,,,,,1109
2020,야간사고,365,3,507,,,,,,,,,,,,,,1109
2020,어린이보행사고,13,1,13,,,,,,,,,,,,,,1109
2020,스쿨존내어린이사고,2,0,3,,,,,,,,,,,,,,1109
2020,고령운전사고,147,3,184,,,,,,,,,,,,,,1109
2020,고령보행사고,53,2,52,,,,,,,,,,,,,,1109
2020,PM사고,7,0,7,,,,,,,,,,,,,,1109
2020,뺑소니사고,19,0,29,,,,,,,,,,,,,,1109
2020,무면허사고,15,0,23,,,,,,,,,,,,,,1109
2020,전체,1272,13,1754,333.11,92.86,1,29,154,184,675,39,145,265,974,33,0,1110
2020,어린이사고,34,0,43,,,,,,,,,,,,,,1110
2020,노인사고,148,4,154,,,,,,,,,,,,,,1110
2020,보행자사고,270,6,278,,,,,,,,,,,,,,1110
2020,자전거사고,51,0,59,,,,,,,,,,,,,,1110
2020,야간사고,656,7,921,,,,,,,,,,,,,,1110
2020,어린이보행사고,5,0,5,,,,,,,,,,,,,,1110
2020,스쿨존내어린이사고,2,0,2,,,,,,,,,,,,,,1110
2020,고령운전사고,183,5,229,,,,,,,,,,,,,,1110
2020,고령보행사고,49,2,47,,,,,,,,,,,,,,1110
2020,PM사고,32,0,33,,,,,,,,,,,,,,1110
2020,뺑소니사고,16,0,22,,,,,,,,,,,,,,1110
2020,무면허사고,28,0,32,,,,,,,,,,,,,,1110
2020,전체,1575,17,2131,268.82,70.24,8,58,225,132,950,37,110,346,1179,50,0,1111
2020,어린이사고,43,0,50,,,,,,,,,,,,,,1111
2020,노인사고,232,9,242,,,,,,,,,,,,,,1111
2020,보행자사고,348,9,349,,,,,,,,,,,,,,1111
2020,자전거사고,73,0,79,,,,,,,,,,,,,,1111
2020,야간사고,695,5,941,,,,,,,,,,,,,,1111
2020,어린이보행사고,14,0,14,,,,,,,,,,,,,,1111
2020,스쿨존내어린이사고,5,0,5,,,,,,,,,,,,,,1111
2020,고령운전사고,210,3,288,,,,,,,,,,,,,,1111
2020,고령보행사고,85,5,80,,,,,,,,,,,,,,1111
2020,PM사고,10,0,12,,,,,,,,,,,,,,1111
2020,뺑소니사고,52,0,61,,,,,,,,,,,,,,1111
2020,무면허사고,21,0,34,,,,,,,,,,,,,,1111
2020,전체,1325,10,1810,306.37,82.21,5,46,177,189,720,44,93,296,973,56,0,1112
2020,어린이사고,32,0,39,,,,,,,,,,,,,,1112
2020,노인사고,201,1,213,,,,,,,,,,,,,,1112
2020,보행자사고,296,2,306,,,,,,,,,,,,,,1112
2020,자전거사고,58,0,65,,,,,,,,,,,,,,1112
2020,야간사고,594,4,859,,,,,,,,,,,,,,1112
2020,어린이보행사고,16,0,16,,,,,,,,,,,,,,1112
2020,스쿨존내어린이사고,4,0,5,,,,,,,,,,,,,,1112
2020,고령운전사고,193,1,269,,,,,,,,,,,,,,1112
2020,고령보행사고,66,0,67,,,,,,,,,,,,,,1112
2020,PM사고,12,0,12,,,,,,,,,,,,,,1112
2020,뺑소니사고,32,0,49,,,,,,,,,,,,,,1112
2020,무면허사고,37,0,45,,,,,,,,,,,,,,1112
2020,전체,2208,7,3102,542.02,135.29,3,78,291,296,1320,30,122,371,1786,51,0,1113
2020,어린이사고,50,0,58,,,,,,,,,,,,,,1113
2020,노인사고,296,1,320,,,,,,,,,,,,,,1113
2020,보행자사고,372,3,380,,,,,,,,,,,,,,1113
2020,자전거사고,210,1,238,,,,,,,,,,,,,,1113
2020,야간사고,956,5,1389,,,,,,,,,,,,,,1113
2020,어린이보행사고,14,0,14,,,,,,,,,,,,,,1113
2020,스쿨존내어린이사고,4,0,4,,,,,,,,,,,,,,1113
2020,고령운전사고,347,1,502,,,,,,,,,,,,,,1113
2020,고령보행사고,77,1,77,,,,,,,,,,,,,,1113
2020,PM사고,14,0,19,,,,,,,,,,,,,,1113
2020,뺑소니사고,36,1,60,,,,,,,,,,,,,,1113
2020,무면허사고,28,1,43,,,,,,,,,,,,,,1113
2020,전체,1307,10,1819,325.47,108.09,2,29,142,216,719,54,96,308,936,63,0,1114
2020,어린이사고,24,0,29,,,,,,,,,,,,,,1114
2020,노인사고,199,2,205,,,,,,,,,,,,,,1114
2020,보행자사고,307,8,304,,,,,,,,,,,,,,1114
2020,자전거사고,67,0,81,,,,,,,,,,,,,,1114
2020,야간사고,566,4,807,,,,,,,,,,,,,,1114
2020,어린이보행사고,6,0,6,,,,,,,,,,,,,,1114
2020,스쿨존내어린이사고,2,0,2,,,,,,,,,,,,,,1114
2020,고령운전사고,187,4,256,,,,,,,,,,,,,,1114
2020,고령보행사고,76,1,75,,,,,,,,,,,,,,1114
2020,PM사고,11,0,11,,,,,,,,,,,,,,1114
2020,뺑소니사고,22,0,46,,,,,,,,,,,,,,1114
2020,무면허사고,30,0,46,,,,,,,,,,,,,,1114
2020,전체,1444,13,1819,283.25,99.91,6,37,168,165,786,104,139,329,1087,28,0,1115
2020,어린이사고,34,0,41,,,,,,,,,,,,,,1115
2020,노인사고,209,5,215,,,,,,,,,,,,,,1115
2020,보행자사고,328,8,330,,,,,,,,,,,,,,1115
2020,자전거사고,44,1,43,,,,,,,,,,,,,,1115
2020,야간사고,672,8,864,,,,,,,,,,,,,,1115
2020,어린이보행사고,13,0,14,,,,,,,,,,,,,,1115
2020,스쿨존내어린이사고,2,0,2,,,,,,,,,,,,,,1115
2020,고령운전사고,231,0,279,,,,,,,,,,,,,,1115
2020,고령보행사고,86,5,82,,,,,,,,,,,,,,1115
2020,PM사고,21,0,25,,,,,,,,,,,,,,1115
2020,뺑소니사고,28,0,34,,,,,,,,,,,,,,1115
2020,무면허사고,31,0,41,,,,,,,,,,,,,,1115
2020,전체,3752,17,5189,689.64,147.46,9,65,322,558,2110,159,416,721,2964,67,0,1116
2020,어린이사고,76,0,94,,,,,,,,,,,,,,1116
2020,노인사고,359,4,384,,,,,,,,,,,,,,1116
2020,보행자사고,718,8,733,,,,,,,,,,,,,,1116
2020,자전거사고,99,0,117,,,,,,,,,,,,,,1116
2020,야간사고,1727,13,2492,,,,,,,,,,,,,,1116
2020,어린이보행사고,19,0,20,,,,,,,,,,,,,,1116
2020,스쿨존내어린이사고,6,0,8,,,,,,,,,,,,,,1116
2020,고령운전사고,510,2,716,,,,,,,,,,,,,,1116
2020,고령보행사고,77,2,75,,,,,,,,,,,,,,1116
2020,PM사고,94,0,104,,,,,,,,,,,,,,1116
2020,뺑소니사고,96,1,144,,,,,,,,,,,,,,1116
2020,무면허사고,71,2,80,,,,,,,,,,,,,,1116
2020,전체,1268,7,1600,273.28,75.91,3,30,123,160,752,47,96,342,890,36,0,1117
2020,어린이사고,40,0,42,,,,,,,,,,,,,,1117
2020,노인사고,196,3,203,,,,,,,,,,,,,,1117
2020,보행자사고,346,1,352,,,,,,,,,,,,,,1117
2020,자전거사고,79,3,84,,,,,,,,,,,,,,1117
2020,야간사고,514,3,645,,,,,,,,,,,,,,1117
2020,어린이보행사고,17,0,17,,,,,,,,,,,,,,1117
2020,스쿨존내어린이사고,7,0,7,,,,,,,,,,,,,,1117
2020,고령운전사고,201,3,261,,,,,,,,,,,,,,1117
2020,고령보행사고,92,0,93,,,,,,,,,,,,,,1117
2020,PM사고,10,0,11,,,,,,,,,,,,,,1117
2020,뺑소니사고,29,0,47,,,,,,,,,,,,,,1117
2020,무면허사고,23,1,33,,,,,,,,,,,,,,1117
2020,전체,2595,11,3509,385.06,97.32,7,70,328,369,1474,87,203,478,2064,53,0,1118
2020,어린이사고,88,0,101,,,,,,,,,,,,,,1118
2020,노인사고,336,5,349,,,,,,,,,,,,,,1118
2020,보행자사고,479,4,488,,,,,,,,,,,,,,1118
2020,자전거사고,198,0,233,,,,,,,,,,,,,,1118
2020,야간사고,1086,8,1518,,,,,,,,,,,,,,1118
2020,어린이보행사고,24,0,24,,,,,,,,,,,,,,1118
2020,스쿨존내어린이사고,1,0,1,,,,,,,,,,,,,,1118
2020,고령운전사고,379,0,510,,,,,,,,,,,,,,1118
2020,고령보행사고,92,3,89,,,,,,,,,,,,,,1118
2020,PM사고,32,0,35,,,,,,,,,,,,,,1118
2020,뺑소니사고,32,0,54,,,,,,,,,,,,,,1118
2020,무면허사고,31,1,39,,,,,,,,,,,,,,1118
2020,전체,2250,9,3075,524.44,116.24,8,36,184,446,1225,84,213,393,1813,44,0,1119
2020,어린이사고,43,0,50,,,,,,,,,,,,,,1119
2020,노인사고,247,3,266,,,,,,,,,,,,,,1119
2020,보행자사고,393,5,403,,,,,,,,,,,,,,1119
2020,자전거사고,60,1,64,,,,,,,,,,,,,,1119
2020,야간사고,903,4,1234,,,,,,,,,,,,,,1119
2020,어린이보행사고,9,0,9,,,,,,,,,,,,,,1119
2020,스쿨존내어린이사고,3,0,3,,,,,,,,,,,,,,1119
2020,고령운전사고,330,2,466,,,,,,,,,,,,,,1119
2020,고령보행사고,61,3,58,,,,,,,,,,,,,,1119
2020,PM사고,31,0,32,,,,,,,,,,,,,,1119
2020,뺑소니사고,66,0,99,,,,,,,,,,,,,,1119
2020,무면허사고,25,0,39,,,,,,,,,,,,,,1119
2020,전체,1344,7,1829,293.59,77.94,3,28,131,244,773,66,57,281,1027,36,0,1120
2020,어린이사고,47,1,49,,,,,,,,,,,,,,1120
2020,노인사고,198,4,205,,,,,,,,,,,,,,1120
2020,보행자사고,284,4,291,,,,,,,,,,,,,,1120
2020,자전거사고,75,1,93,,,,,,,,,,,,,,1120
2020,야간사고,537,3,772,,,,,,,,,,,,,,1120
2020,어린이보행사고,14,1,13,,,,,,,,,,,,,,1120
2020,스쿨존내어린이사고,4,0,4,,,,,,,,,,,,,,1120
2020,고령운전사고,222,2,291,,,,,,,,,,,,,,1120
2020,고령보행사고,75,2,73,,,,,,,,,,,,,,1120
2020,PM사고,8,0,8,,,,,,,,,,,,,,1120
2020,뺑소니사고,17,0,33,,,,,,,,,,,,,,1120
2020,무면허사고,12,0,23,,,,,,,,,,,,,,1120
2020,전체,1447,4,1952,362.15,104.27,2,46,169,187,691,131,179,358,1032,57,0,1121
2020,어린이사고,62,0,70,,,,,,,,,,,,,,1121
2020,노인사고,242,3,260,,,,,,,,,,,,,,1121
2020,보행자사고,357,4,359,,,,,,,,,,,,,,1121
2020,자전거사고,114,1,125,,,,,,,,,,,,,,1121
2020,야간사고,648,3,936,,,,,,,,,,,,,,1121
2020,어린이보행사고,9,0,9,,,,,,,,,,,,,,1121
2020,스쿨존내어린이사고,1,0,1,,,,,,,,,,,,,,1121
2020,고령운전사고,219,2,277,,,,,,,,,,,,,,1121
2020,고령보행사고,99,3,97,,,,,,,,,,,,,,1121
2020,PM사고,5,0,5,,,,,,,,,,,,,,1121
2020,뺑소니사고,26,0,40,,,,,,,,,,,,,,1121
2020,무면허사고,24,0,34,,,,,,,,,,,,,,1121
2020,전체,1462,5,2016,277.4,87.09,6,53,168,203,807,73,100,286,1142,34,0,1122
2020,어린이사고,54,0,67,,,,,,,,,,,,,,1122
2020,노인사고,244,3,258,,,,,,,,,,,,,,1122
2020,보행자사고,285,3,293,,,,,,,,,,,,,,1122
2020,자전거사고,112,0,121,,,,,,,,,,,,,,1122
2020,야간사고,608,5,820,,,,,,,,,,,,,,1122
2020,어린이보행사고,11,0,11,,,,,,,,,,,,,,1122
2020,스쿨존내어린이사고,1,0,2,,,,,,,,,,,,,,1122
2020,고령운전사고,227,1,296,,,,,,,,,,,,,,1122
2020,고령보행사고,77,2,77,,,,,,,,,,,,,,1122
2020,PM사고,7,0,8,,,,,,,,,,,,,,1122
2020,뺑소니사고,32,0,44,,,,,,,,,,,,,,1122
2020,무면허사고,23,0,34,,,,,,,,,,,,,,1122
2020,전체,869,4,1145,241.32,73.94,3,23,101,131,492,32,62,190,649,30,0,1123
2020,어린이사고,22,0,25,,,,,,,,,,,,,,1123
2020,노인사고,102,2,106,,,,,,,,,,,,,,1123
2020,보행자사고,193,3,199,,,,,,,,,,,,,,1123
2020,자전거사고,45,0,48,,,,,,,,,,,,,,1123
2020,야간사고,421,3,598,,,,,,,,,,,,,,1123
2020,어린이보행사고,11,0,12,,,,,,,,,,,,,,1123
2020,스쿨존내어린이사고,4,0,4,,,,,,,,,,,,,,1123
2020,고령운전사고,117,1,151,,,,,,,,,,,,,,1123
2020,고령보행사고,31,2,29,,,,,,,,,,,,,,1123
2020,PM사고,24,0,25,,,,,,,,,,,,,,1123
2020,뺑소니사고,31,0,52,,,,,,,,,,,,,,1123
2020,무면허사고,21,0,23,,,,,,,,,,,,,,1123
2020,전체,1087,3,1420,348.88,110.94,3,37,121,148,619,31,91,272,776,39,0,1124
2020,어린이사고,33,0,43,,,,,,,,,,,,,,1124
2020,노인사고,161,0,171,,,,,,,,,,,,,,1124
2020,보행자사고,275,2,284,,,,,,,,,,,,,,1124
2020,자전거사고,38,0,43,,,,,,,,,,,,,,1124
2020,야간사고,481,1,628,,,,,,,,,,,,,,1124
2020,어린이보행사고,8,0,8,,,,,,,,,,,,,,1124
2020,스쿨존내어린이사고,1,0,1,,,,,,,,,,,,,,1124
2020,고령운전사고,173,0,239,,,,,,,,,,,,,,1124
2020,고령보행사고,58,0,59,,,,,,,,,,,,,,1124
2020,PM사고,3,0,3,,,,,,,,,,,,,,1124
2020,뺑소니사고,18,0,25,,,,,,,,,,,,,,1124
2020,무면허사고,10,0,18,,,,,,,,,,,,,,1124
2020,전체,810,6,1084,326.83,80.76,0,26,122,78,491,9,48,197,563,50,0,1125
2020,어린이사고,20,0,23,,,,,,,,,,,,,,1125
2020,노인사고,130,4,133,,,,,,,,,,,,,,1125
2020,보행자사고,201,3,206,,,,,,,,,,,,,,1125
2020,자전거사고,36,1,42,,,,,,,,,,,,,,1125
2020,야간사고,393,5,518,,,,,,,,,,,,,,1125
2020,어린이보행사고,7,0,7,,,,,,,,,,,,,,1125
2020,스쿨존내어린이사고,1,0,1,,,,,,,,,,,,,,1125
2020,고령운전사고,112,2,130,,,,,,,,,,,,,,1125
2020,고령보행사고,53,2,54,,,,,,,,,,,,,,1125
2020,PM사고,7,0,10,,,,,,,,,,,,,,1125
2020,뺑소니사고,34,0,42,,,,,,,,,,,,,,1125
2020,무면허사고,15,0,21,,,,,,,,,,,,,,1125
2021,전체,33913,243,45223,355.37,92.87,0,921,4098,4930,18827,1089,2968,7075,25926,912,0,1100
2021,어린이사고,1026,2,1243,,,,,,,,,,,,,,1100
2021,노인사고,4829,103,5027,,,,,,,,,,,,,,1100
2021,보행자사고,7127,124,7236,,,,,,,,,,,,,,1100
2021,자전거사고,1779,13,1969,,,,,,,,,,,,,,1100
2021,야간사고,13933,110,19008,,,,,,,,,,,,,,1100
2021,어린이보행사고,332,1,347,,,,,,,,,,,,,,1100
2021,스쿨존내어린이사고,68,1,83,,,,,,,,,,,,,,1100
2021,고령운전사고,5371,50,6986,,,,,,,,,,,,,,1100
2021,고령보행사고,1722,69,1674,,,,,,,,,,,,,,1100
2021,PM사고,445,1,489,,,,,,,,,,,,,,1100
2021,뺑소니사고,824,9,1098,,,,,,,,,,,,,,1100
2021,무면허사고,463,2,644,,,,,,,,,,,,,,1100
2021,전체,778,6,1050,505.89,122.58,0,21,130,130,398,24,52,182,560,36,0,1101
2021,어린이사고,15,0,20,,,,,,,,,,,,,,1101
2021,노인사고,122,3,125,,,,,,,,,,,,,,1101
2021,보행자사고,179,4,179,,,,,,,,,,,,,,1101
2021,자전거사고,19,0,20,,,,,,,,,,,,,,1101
2021,야간사고,300,2,414,,,,,,,,,,,,,,1101
2021,어린이보행사고,2,0,2,,,,,,,,,,,,,,1101
2021,스쿨존내어린이사고,1,0,1,,,,,,,,,,,,,,1101
2021,고령운전사고,142,3,185,,,,,,,,,,,,,,1101
2021,고령보행사고,44,2,42,,,,,,,,,,,,,,1101
2021,PM사고,4,0,5,,,,,,,,,,,,,,1101
2021,뺑소니사고,20,1,24,,,,,,,,,,,,,,1101
2021,무면허사고,9,0,10,,,,,,,,,,,,,,1101
2021,전체,854,3,1156,648.02,113.32,0,28,93,168,445,30,61,173,655,26,0,1102
2021,어린이사고,21,0,26,,,,,,,,,,,,,,1102
2021,노인사고,126,1,130,,,,,,,,,,,,,,1102
2021,보행자사고,171,2,173,,,,,,,,,,,,,,1102
2021,자전거사고,17,0,19,,,,,,,,,,,,,,1102
2021,야간사고,383,1,534,,,,,,,,,,,,,,1102
2021,어린이보행사고,5,0,5,,,,,,,,,,,,,,1102
2021,스쿨존내어린이사고,1,0,1,,,,,,,,,,,,,,1102
2021,고령운전사고,154,1,190,,,,,,,,,,,,,,1102
2021,고령보행사고,44,1,43,,,,,,,,,,,,,,1102
2021,PM사고,8,0,9,,,,,,,,,,,,,,1102
2021,뺑소니사고,29,0,38,,,,,,,,,,,,,,1102
2021,무면허사고,13,0,31,,,,,,,,,,,,,,1102
2021,전체,1014,5,1369,427.33,105.13,0,34,109,214,540,24,61,174,813,27,0,1103
2021,어린이사고,18,0,29,,,,,,,,,,,,,,1103
2021,노인사고,126,2,132,,,,,,,,,,,,,,1103
2021,보행자사고,176,2,179,,,,,,,,,,,,,,1103
2021,자전거사고,48,0,57,,,,,,,,,,,,,,1103
2021,야간사고,444,2,592,,,,,,,,,,,,,,1103
2021,어린이보행사고,2,0,2,,,,,,,,,,,,,,1103
2021,고령운전사고,137,0,189,,,,,,,,,,,,,,1103
2021,고령보행사고,32,1,31,,,,,,,,,,,,,,1103
2021,PM사고,6,0,6,,,,,,,,,,,,,,1103
2021,뺑소니사고,36,0,48,,,,,,,,,,,,,,1103
2021,무면허사고,11,0,20,,,,,,,,,,,,,,1103
2021,전체,1057,8,1362,361.16,84.61,0,24,131,157,586,45,84,245,784,28,0,1104
2021,어린이사고,21,0,27,,,,,,,,,,,,,,1104
2021,노인사고,144,4,143,,,,,,,,,,,,,,1104
2021,보행자사고,243,5,244,,,,,,,,,,,,,,1104
2021,자전거사고,87,0,98,,,,,,,,,,,,,,1104
2021,야간사고,441,4,598,,,,,,,,,,,,,,1104
2021,어린이보행사고,9,0,11,,,,,,,,,,,,,,1104
2021,스쿨존내어린이사고,3,0,3,,,,,,,,,,,,,,1104
2021,고령운전사고,150,2,200,,,,,,,,,,,,,,1104
2021,고령보행사고,55,3,52,,,,,,,,,,,,,,1104
2021,PM사고,16,0,17,,,,,,,,,,,,,,1104
2021,뺑소니사고,18,0,21,,,,,,,,,,,,,,1104
2021,무면허사고,12,0,16,,,,,,,,,,,,,,1104
2021,전체,1390,17,1656,394.88,113.36,0,30,191,195,730,34,161,311,1048,31,0,1105
2021,어린이사고,26,0,29,,,,,,,,,,,,,,1105
2021,노인사고,282,12,281,,,,,,,,,,,,,,1105
2021,보행자사고,311,11,302,,,,,,,,,,,,,,1105
2021,자전거사고,94,2,95,,,,,,,,,,,,,,1105
2021,야간사고,506,6,621,,,,,,,,,,,,,,1105
2021,어린이보행사고,12,0,12,,,,,,,,,,,,,,1105
2021,스쿨존내어린이사고,2,0,2,,,,,,,,,,,,,,1105
2021,고령운전사고,266,5,304,,,,,,,,,,,,,,1105
2021,고령보행사고,115,9,106,,,,,,,,,,,,,,1105
2021,PM사고,14,0,15,,,,,,,,,,,,,,1105
2021,뺑소니사고,24,0,31,,,,,,,,,,,,,,1105
2021,무면허사고,22,0,29,,,,,,,,,,,,,,1105
2021,전체,1285,15,1606,291.95,88.67,0,32,154,204,673,32,140,295,948,42,0,1106
2021,어린이사고,44,1,50,,,,,,,,,,,,,,1106
2021,노인사고,194,3,200,,,,,,,,,,,,,,1106
2021,보행자사고,297,4,299,,,,,,,,,,,,,,1106
2021,자전거사고,46,1,47,,,,,,,,,,,,,,1106
2021,야간사고,504,6,648,,,,,,,,,,,,,,1106
2021,어린이보행사고,15,0,15,,,,,,,,,,,,,,1106
2021,스쿨존내어린이사고,4,0,4,,,,,,,,,,,,,,1106
2021,고령운전사고,232,1,297,,,,,,,,,,,,,,1106
2021,고령보행사고,80,1,79,,,,,,,,,,,,,,1106
2021,PM사고,5,0,5,,,,,,,,,,,,,,1106
2021,뺑소니사고,26,0,29,,,,,,,,,,,,,,1106
2021,무면허사고,11,0,11,,,,,,,,,,,,,,1106
2021,전체,591,3,768,185.05,54.1,0,22,77,25,344,22,74,167,395,29,0,1107
2021,어린이사고,20,0,22,,,,,,,,,,,,,,1107
2021,노인사고,133,1,145,,,,,,,,,,,,,,1107
2021,보행자사고,166,1,173,,,,,,,,,,,,,,1107
2021,자전거사고,43,2,48,,,,,,,,,,,,,,1107
2021,야간사고,229,2,312,,,,,,,,,,,,,,1107
2021,어린이보행사고,10,0,11,,,,,,,,,,,,,,1107
2021,스쿨존내어린이사고,2,0,2,,,,,,,,,,,,,,1107
2021,고령운전사고,93,1,122,,,,,,,,,,,,,,1107
2021,고령보행사고,62,0,65,,,,,,,,,,,,,,1107
2021,PM사고,3,0,3,,,,,,,,,,,,,,1107
2021,뺑소니사고,12,0,27,,,,,,,,,,,,,,1107
2021,무면허사고,7,0,10,,,,,,,,,,,,,,1107
2021,전체,867,11,1218,181.7,56.86,0,24,152,48,479,32,97,250,583,34,0,1108
2021,어린이사고,49,0,55,,,,,,,,,,,,,,1108
2021,노인사고,171,5,183,,,,,,,,,,,,,,1108
2021,보행자사고,253,2,257,,,,,,,,,,,,,,1108
2021,자전거사고,56,2,59,,,,,,,,,,,,,,1108
2021,야간사고,350,2,511,,,,,,,,,,,,,,1108
2021,어린이보행사고,20,0,20,,,,,,,,,,,,,,1108
2021,스쿨존내어린이사고,4,0,4,,,,,,,,,,,,,,1108
2021,고령운전사고,153,4,204,,,,,,,,,,,,,,1108
2021,고령보행사고,76,2,77,,,,,,,,,,,,,,1108
2021,PM사고,14,0,19,,,,,,,,,,,,,,1108
2021,뺑소니사고,29,0,35,,,,,,,,,,,,,,1108
2021,무면허사고,13,0,19,,,,,,,,,,,,,,1108
2021,전체,930,9,1206,294.62,90.94,0,24,126,118,488,50,88,216,665,49,0,1109
2021,어린이사고,28,0,35,,,,,,,,,,,,,,1109
2021,노인사고,167,1,179,,,,,,,,,,,,,,1109
2021,보행자사고,217,3,228,,,,,,,,,,,,,,1109
2021,자전거사고,36,0,36,,,,,,,,,,,,,,1109
2021,야간사고,385,5,521,,,,,,,,,,,,,,1109
2021,어린이보행사고,10,0,10,,,,,,,,,,,,,,1109
2021,스쿨존내어린이사고,2,0,3,,,,,,,,,,,,,,1109
2021,고령운전사고,167,0,215,,,,,,,,,,,,,,1109
2021,고령보행사고,72,1,71,,,,,,,,,,,,,,1109
2021,PM사고,12,0,12,,,,,,,,,,,,,,1109
2021,뺑소니사고,25,0,41,,,,,,,,,,,,,,1109
2021,무면허사고,10,1,12,,,,,,,,,,,,,,1109
2021,전체,1102,14,1573,291.01,79.21,0,27,153,169,646,16,69,228,854,20,0,1110
2021,어린이사고,30,0,42,,,,,,,,,,,,,,1110
2021,노인사고,141,5,145,,,,,,,,,,,,,,1110
2021,보행자사고,230,6,232,,,,,,,,,,,,,,1110
2021,자전거사고,52,1,65,,,,,,,,,,,,,,1110
2021,야간사고,505,5,738,,,,,,,,,,,,,,1110
2021,어린이보행사고,6,0,6,,,,,,,,,,,,,,1110
2021,스쿨존내어린이사고,1,0,1,,,,,,,,,,,,,,1110
2021,고령운전사고,147,2,207,,,,,,,,,,,,,,1110
2021,고령보행사고,43,3,40,,,,,,,,,,,,,,1110
2021,PM사고,33,0,36,,,,,,,,,,,,,,1110
2021,뺑소니사고,33,1,38,,,,,,,,,,,,,,1110
2021,무면허사고,22,0,34,,,,,,,,,,,,,,1110
2021,전체,1501,13,2042,258.9,66.8,0,69,207,173,853,29,118,340,1121,40,0,1111
2021,어린이사고,58,0,71,,,,,,,,,,,,,,1111
2021,노인사고,235,7,238,,,,,,,,,,,,,,1111
2021,보행자사고,339,8,345,,,,,,,,,,,,,,1111
2021,자전거사고,99,1,104,,,,,,,,,,,,,,1111
2021,야간사고,651,6,903,,,,,,,,,,,,,,1111
2021,어린이보행사고,22,0,24,,,,,,,,,,,,,,1111
2021,스쿨존내어린이사고,5,0,6,,,,,,,,,,,,,,1111
2021,고령운전사고,217,2,311,,,,,,,,,,,,,,1111
2021,고령보행사고,110,7,104,,,,,,,,,,,,,,1111
2021,PM사고,18,0,18,,,,,,,,,,,,,,1111
2021,뺑소니사고,60,0,86,,,,,,,,,,,,,,1111
2021,무면허사고,17,0,22,,,,,,,,,,,,,,1111
2021,전체,1350,9,1729,320.54,83.97,0,41,177,218,738,39,96,274,1042,34,0,1112
2021,어린이사고,33,0,36,,,,,,,,,,,,,,1112
2021,노인사고,204,5,216,,,,,,,,,,,,,,1112
2021,보행자사고,278,2,290,,,,,,,,,,,,,,1112
2021,자전거사고,68,0,73,,,,,,,,,,,,,,1112
2021,야간사고,578,7,756,,,,,,,,,,,,,,1112
2021,어린이보행사고,15,0,16,,,,,,,,,,,,,,1112
2021,스쿨존내어린이사고,4,0,4,,,,,,,,,,,,,,1112
2021,고령운전사고,189,2,245,,,,,,,,,,,,,,1112
2021,고령보행사고,75,2,75,,,,,,,,,,,,,,1112
2021,PM사고,9,0,9,,,,,,,,,,,,,,1112
2021,뺑소니사고,42,0,53,,,,,,,,,,,,,,1112
2021,무면허사고,21,0,30,,,,,,,,,,,,,,1112
2021,전체,2178,15,2967,543.27,132.22,0,62,267,329,1312,22,121,340,1790,48,0,1113
2021,어린이사고,79,1,96,,,,,,,,,,,,,,1113
2021,노인사고,286,6,291,,,,,,,,,,,,,,1113
2021,보행자사고,336,9,338,,,,,,,,,,,,,,1113
2021,자전거사고,196,1,221,,,,,,,,,,,,,,1113
2021,야간사고,865,7,1231,,,,,,,,,,,,,,1113
2021,어린이보행사고,18,1,20,,,,,,,,,,,,,,1113
2021,스쿨존내어린이사고,4,1,3,,,,,,,,,,,,,,1113
2021,고령운전사고,325,4,408,,,,,,,,,,,,,,1113
2021,고령보행사고,76,2,75,,,,,,,,,,,,,,1113
2021,PM사고,13,0,14,,,,,,,,,,,,,,1113
2021,뺑소니사고,44,1,56,,,,,,,,,,,,,,1113
2021,무면허사고,30,0,36,,,,,,,,,,,,,,1113
2021,전체,1148,11,1520,291.1,94.36,0,27,123,169,648,38,94,285,829,34,0,1114
2021,어린이사고,37,0,39,,,,,,,,,,,,,,1114
2021,노인사고,157,8,159,,,,,,,,,,,,,,1114
2021,보행자사고,289,8,292,,,,,,,,,,,,,,1114
2021,자전거사고,52,0,58,,,,,,,,,,,,,,1114
2021,야간사고,472,5,645,,,,,,,,,,,,,,1114
2021,어린이보행사고,17,0,17,,,,,,,,,,,,,,1114
2021,스쿨존내어린이사고,1,0,1,,,,,,,,,,,,,,1114
2021,고령운전사고,193,3,250,,,,,,,,,,,,,,1114
2021,고령보행사고,65,5,61,,,,,,,,,,,,,,1114
2021,PM사고,21,0,24,,,,,,,,,,,,,,1114
2021,뺑소니사고,26,0,39,,,,,,,,,,,,,,1114
2021,무면허사고,10,0,14,,,,,,,,,,,,,,1114
2021,전체,1419,8,1829,284.11,101.83,0,32,172,202,723,84,161,315,1064,40,0,1115
2021,어린이사고,32,0,39,,,,,,,,,,,,,,1115
2021,노인사고,181,2,189,,,,,,,,,,,,,,1115
2021,보행자사고,317,5,327,,,,,,,,,,,,,,1115
2021,자전거사고,31,0,34,,,,,,,,,,,,,,1115
2021,야간사고,636,3,824,,,,,,,,,,,,,,1115
2021,어린이보행사고,7,0,8,,,,,,,,,,,,,,1115
2021,스쿨존내어린이사고,3,0,3,,,,,,,,,,,,,,1115
2021,고령운전사고,229,3,274,,,,,,,,,,,,,,1115
2021,고령보행사고,77,2,76,,,,,,,,,,,,,,1115
2021,PM사고,14,0,15,,,,,,,,,,,,,,1115
2021,뺑소니사고,17,2,23,,,,,,,,,,,,,,1115
2021,무면허사고,24,1,29,,,,,,,,,,,,,,1115
2021,전체,3820,10,5175,710.3,149.07,0,57,371,635,2134,162,362,659,3103,58,0,1116
2021,어린이사고,81,0,95,,,,,,,,,,,,,,1116
2021,노인사고,366,2,384,,,,,,,,,,,,,,1116
2021,보행자사고,666,6,681,,,,,,,,,,,,,,1116
2021,자전거사고,95,0,113,,,,,,,,,,,,,,1116
2021,야간사고,1613,6,2277,,,,,,,,,,,,,,1116
2021,어린이보행사고,25,0,26,,,,,,,,,,,,,,1116
2021,스쿨존내어린이사고,3,0,3,,,,,,,,,,,,,,1116
2021,고령운전사고,541,0,701,,,,,,,,,,,,,,1116
2021,고령보행사고,82,2,80,,,,,,,,,,,,,,1116
2021,PM사고,81,0,87,,,,,,,,,,,,,,1116
2021,뺑소니사고,106,1,145,,,,,,,,,,,,,,1116
2021,무면허사고,50,0,70,,,,,,,,,,,,,,1116
2021,전체,1047,9,1413,224.45,61.69,0,23,144,121,615,44,73,242,788,17,0,1117
2021,어린이사고,40,0,47,,,,,,,,,,,,,,1117
2021,노인사고,179,4,190,,,,,,,,,,,,,,1117
2021,보행자사고,244,7,241,,,,,,,,,,,,,,1117
2021,자전거사고,56,0,59,,,,,,,,,,,,,,1117
2021,야간사고,450,4,606,,,,,,,,,,,,,,1117
2021,어린이보행사고,15,0,15,,,,,,,,,,,,,,1117
2021,스쿨존내어린이사고,1,0,1,,,,,,,,,,,,,,1117
2021,고령운전사고,158,1,208,,,,,,,,,,,,,,1117
2021,고령보행사고,76,3,74,,,,,,,,,,,,,,1117
2021,PM사고,7,0,7,,,,,,,,,,,,,,1117
2021,뺑소니사고,30,0,41,,,,,,,,,,,,,,1117
2021,무면허사고,21,0,29,,,,,,,,,,,,,,1117
2021,전체,2607,14,3509,392.64,97.6,0,65,370,381,1454,62,199,469,2081,57,0,1118
2021,어린이사고,88,0,106,,,,,,,,,,,,,,1118
2021,노인사고,334,6,350,,,,,,,,,,,,,,1118
2021,보행자사고,477,3,489,,,,,,,,,,,,,,1118
2021,자전거사고,200,0,229,,,,,,,,,,,,,,1118
2021,야간사고,1049,7,1415,,,,,,,,,,,,,,1118
2021,어린이보행사고,16,0,16,,,,,,,,,,,,,,1118
2021,스쿨존내어린이사고,5,0,5,,,,,,,,,,,,,,1118
2021,고령운전사고,429,5,584,,,,,,,,,,,,,,1118
2021,고령보행사고,96,2,94,,,,,,,,,,,,,,1118
2021,PM사고,57,0,62,,,,,,,,,,,,,,1118
2021,뺑소니사고,37,0,57,,,,,,,,,,,,,,1118
2021,무면허사고,30,0,34,,,,,,,,,,,,,,1118
2021,전체,2118,8,2932,508.93,112.21,0,35,153,354,1229,39,241,375,1694,49,0,1119
2021,어린이사고,55,0,64,,,,,,,,,,,,,,1119
2021,노인사고,241,3,272,,,,,,,,,,,,,,1119
2021,보행자사고,383,7,386,,,,,,,,,,,,,,1119
2021,자전거사고,51,0,57,,,,,,,,,,,,,,1119
2021,야간사고,781,5,1085,,,,,,,,,,,,,,1119
2021,어린이보행사고,15,0,16,,,,,,,,,,,,,,1119
2021,스쿨존내어린이사고,2,0,2,,,,,,,,,,,,,,1119
2021,고령운전사고,344,1,464,,,,,,,,,,,,,,1119
2021,고령보행사고,50,3,48,,,,,,,,,,,,,,1119
2021,PM사고,30,0,37,,,,,,,,,,,,,,1119
2021,뺑소니사고,77,0,96,,,,,,,,,,,,,,1119
2021,무면허사고,23,0,41,,,,,,,,,,,,,,1119
2021,전체,1305,14,1692,289.69,77.9,0,37,140,234,696,46,105,284,992,29,0,1120
2021,어린이사고,68,0,79,,,,,,,,,,,,,,1120
2021,노인사고,207,11,211,,,,,,,,,,,,,,1120
2021,보행자사고,290,7,296,,,,,,,,,,,,,,1120
2021,자전거사고,58,2,60,,,,,,,,,,,,,,1120
2021,야간사고,506,5,673,,,,,,,,,,,,,,1120
2021,어린이보행사고,24,0,25,,,,,,,,,,,,,,1120
2021,스쿨존내어린이사고,5,0,5,,,,,,,,,,,,,,1120
2021,고령운전사고,209,6,259,,,,,,,,,,,,,,1120
2021,고령보행사고,75,7,69,,,,,,,,,,,,,,1120
2021,PM사고,5,0,5,,,,,,,,,,,,,,1120
2021,뺑소니사고,19,1,22,,,,,,,,,,,,,,1120
2021,무면허사고,15,0,21,,,,,,,,,,,,,,1120
2021,전체,1373,7,1826,350.36,98.64,0,46,167,162,679,111,160,332,1000,41,0,1121
2021,어린이사고,37,0,47,,,,,,,,,,,,,,1121
2021,노인사고,191,2,198,,,,,,,,,,,,,,1121
2021,보행자사고,331,5,334,,,,,,,,,,,,,,1121
2021,자전거사고,98,0,112,,,,,,,,,,,,,,1121
2021,야간사고,540,5,727,,,,,,,,,,,,,,1121
2021,어린이보행사고,10,0,10,,,,,,,,,,,,,,1121
2021,스쿨존내어린이사고,4,0,4,,,,,,,,,,,,,,1121
2021,고령운전사고,195,1,251,,,,,,,,,,,,,,1121
2021,고령보행사고,72,2,71,,,,,,,,,,,,,,1121
2021,PM사고,19,0,20,,,,,,,,,,,,,,1121
2021,뺑소니사고,19,1,23,,,,,,,,,,,,,,1121
2021,무면허사고,20,0,29,,,,,,,,,,,,,,1121
2021,전체,1413,8,1940,274.4,84.36,0,58,166,196,773,56,114,280,1078,55,0,1122
2021,어린이사고,55,0,67,,,,,,,,,,,,,,1122
2021,노인사고,236,2,243,,,,,,,,,,,,,,1122
2021,보행자사고,281,2,288,,,,,,,,,,,,,,1122
2021,자전거사고,120,0,135,,,,,,,,,,,,,,1122
2021,야간사고,545,5,763,,,,,,,,,,,,,,1122
2021,어린이보행사고,19,0,19,,,,,,,,,,,,,,1122
2021,스쿨존내어린이사고,3,0,3,,,,,,,,,,,,,,1122
2021,고령운전사고,246,0,331,,,,,,,,,,,,,,1122
2021,고령보행사고,81,2,80,,,,,,,,,,,,,,1122
2021,PM사고,18,1,20,,,,,,,,,,,,,,1122
2021,뺑소니사고,29,0,40,,,,,,,,,,,,,,1122
2021,무면허사고,21,0,28,,,,,,,,,,,,,,1122
2021,전체,922,4,1216,261.47,78.67,0,25,102,113,563,25,73,207,693,22,0,1123
2021,어린이사고,39,0,44,,,,,,,,,,,,,,1123
2021,노인사고,104,0,113,,,,,,,,,,,,,,1123
2021,보행자사고,212,2,216,,,,,,,,,,,,,,1123
2021,자전거사고,71,0,79,,,,,,,,,,,,,,1123
2021,야간사고,397,2,530,,,,,,,,,,,,,,1123
2021,어린이보행사고,20,0,20,,,,,,,,,,,,,,1123
2021,스쿨존내어린이사고,4,0,4,,,,,,,,,,,,,,1123
2021,고령운전사고,153,0,197,,,,,,,,,,,,,,1123
2021,고령보행사고,42,0,44,,,,,,,,,,,,,,1123
2021,PM사고,19,0,22,,,,,,,,,,,,,,1123
2021,뺑소니사고,31,1,39,,,,,,,,,,,,,,1123
2021,무면허사고,22,0,31,,,,,,,,,,,,,,1123
2021,전체,1017,6,1302,336.13,109.37,0,50,118,113,578,19,108,259,730,28,0,1124
2021,어린이사고,25,0,29,,,,,,,,,,,,,,1124
2021,노인사고,179,2,186,,,,,,,,,,,,,,1124
2021,보행자사고,262,5,263,,,,,,,,,,,,,,1124
2021,자전거사고,56,0,59,,,,,,,,,,,,,,1124
2021,야간사고,426,1,570,,,,,,,,,,,,,,1124
2021,어린이보행사고,9,0,9,,,,,,,,,,,,,,1124
2021,스쿨존내어린이사고,3,0,3,,,,,,,,,,,,,,1124
2021,고령운전사고,189,1,235,,,,,,,,,,,,,,1124
2021,고령보행사고,77,2,75,,,,,,,,,,,,,,1124
2021,PM사고,16,0,18,,,,,,,,,,,,,,1124
2021,뺑소니사고,18,0,22,,,,,,,,,,,,,,1124
2021,무면허사고,14,0,16,,,,,,,,,,,,,,1124
2021,전체,827,16,1167,337.7,81.52,0,28,105,102,503,4,56,173,616,38,0,1125
2021,어린이사고,27,0,49,,,,,,,,,,,,,,1125
2021,노인사고,123,6,124,,,,,,,,,,,,,,1125
2021,보행자사고,179,8,184,,,,,,,,,,,,,,1125
2021,자전거사고,30,1,32,,,,,,,,,,,,,,1125
2021,야간사고,377,7,514,,,,,,,,,,,,,,1125
2021,어린이보행사고,9,0,12,,,,,,,,,,,,,,1125
2021,스쿨존내어린이사고,1,0,15,,,,,,,,,,,,,,1125
2021,고령운전사고,113,2,155,,,,,,,,,,,,,,1125
2021,고령보행사고,45,5,42,,,,,,,,,,,,,,1125
2021,PM사고,3,0,4,,,,,,,,,,,,,,1125
2021,뺑소니사고,17,0,24,,,,,,,,,,,,,,1125
2021,무면허사고,15,0,22,,,,,,,,,,,,,,1125
2022,전체,33698,221,45329,358.05,92.24,0,750,3783,4447,19833,1081,2586,7807,24898,993,0,1100
2022,어린이사고,1164,3,1365,,,,,,,,,,,,,,1100
2022,노인사고,5251,87,5543,,,,,,,,,,,,,,1100
2022,보행자사고,7844,113,7996,,,,,,,,,,,,,,1100
2022,자전거사고,2824,14,3031,,,,,,,,,,,,,,1100
2022,야간사고,13920,127,19153,,,,,,,,,,,,,,1100
2022,어린이보행사고,410,2,414,,,,,,,,,,,,,,1100
2022,스쿨존내어린이사고,77,1,78,,,,,,,,,,,,,,1100
2022,고령운전사고,6011,46,7968,,,,,,,,,,,,,,1100
2022,고령보행사고,1846,65,1798,,,,,,,,,,,,,,1100
2022,PM사고,406,5,449,,,,,,,,,,,,,,1100
2022,뺑소니사고,806,4,1131,,,,,,,,,,,,,,1100
2022,무면허사고,494,6,671,,,,,,,,,,,,,,1100
2022,전체,974,3,1351,639.9,153.98,0,19,135,124,555,34,66,270,651,53,0,1101
2022,어린이사고,34,0,42,,,,,,,,,,,,,,1101
2022,노인사고,152,2,164,,,,,,,,,,,,,,1101
2022,보행자사고,275,1,289,,,,,,,,,,,,,,1101
2022,자전거사고,45,1,49,,,,,,,,,,,,,,1101
2022,야간사고,375,2,542,,,,,,,,,,,,,,1101
2022,어린이보행사고,11,0,11,,,,,,,,,,,,,,1101
2022,스쿨존내어린이사고,1,0,1,,,,,,,,,,,,,,1101
2022,고령운전사고,199,0,272,,,,,,,,,,,,,,1101
2022,고령보행사고,49,1,48,,,,,,,,,,,,,,1101
2022,PM사고,14,0,17,,,,,,,,,,,,,,1101
2022,뺑소니사고,23,0,28,,,,,,,,,,,,,,1101
2022,무면허사고,11,0,15,,,,,,,,,,,,,,1101
2022,전체,943,2,1212,721.03,129.19,0,19,113,202,497,17,54,221,691,31,0,1102
2022,어린이사고,22,0,24,,,,,,,,,,,,,,1102
2022,노인사고,153,1,157,,,,,,,,,,,,,,1102
2022,보행자사고,220,2,228,,,,,,,,,,,,,,1102
2022,자전거사고,42,0,46,,,,,,,,,,,,,,1102
2022,야간사고,394,1,530,,,,,,,,,,,,,,1102
2022,어린이보행사고,3,0,3,,,,,,,,,,,,,,1102
2022,스쿨존내어린이사고,1,0,1,,,,,,,,,,,,,,1102
2022,고령운전사고,190,0,238,,,,,,,,,,,,,,1102
2022,고령보행사고,52,1,51,,,,,,,,,,,,,,1102
2022,PM사고,11,0,12,,,,,,,,,,,,,,1102
2022,뺑소니사고,40,0,45,,,,,,,,,,,,,,1102
2022,무면허사고,15,0,18,,,,,,,,,,,,,,1102
2022,전체,1014,11,1330,434.66,111.39,0,37,102,208,533,17,80,220,764,30,0,1103
2022,어린이사고,30,0,34,,,,,,,,,,,,,,1103
2022,노인사고,135,2,141,,,,,,,,,,,,,,1103
2022,보행자사고,222,7,232,,,,,,,,,,,,,,1103
2022,자전거사고,50,0,53,,,,,,,,,,,,,,1103
2022,야간사고,427,7,575,,,,,,,,,,,,,,1103
2022,어린이보행사고,12,0,12,,,,,,,,,,,,,,1103
2022,스쿨존내어린이사고,3,0,3,,,,,,,,,,,,,,1103
2022,고령운전사고,204,0,277,,,,,,,,,,,,,,1103
2022,고령보행사고,36,2,34,,,,,,,,,,,,,,1103
2022,PM사고,5,0,6,,,,,,,,,,,,,,1103
2022,뺑소니사고,45,1,57,,,,,,,,,,,,,,1103
2022,무면허사고,14,0,18,,,,,,,,,,,,,,1103
2022,전체,948,8,1222,328.9,77.95,0,18,116,133,538,48,57,210,713,25,0,1104
2022,어린이사고,24,0,27,,,,,,,,,,,,,,1104
2022,노인사고,137,1,139,,,,,,,,,,,,,,1104
2022,보행자사고,210,3,213,,,,,,,,,,,,,,1104
2022,자전거사고,116,1,122,,,,,,,,,,,,,,1104
2022,야간사고,410,8,530,,,,,,,,,,,,,,1104
2022,어린이보행사고,14,0,15,,,,,,,,,,,,,,1104
2022,스쿨존내어린이사고,3,0,3,,,,,,,,,,,,,,1104
2022,고령운전사고,161,3,193,,,,,,,,,,,,,,1104
2022,고령보행사고,49,1,48,,,,,,,,,,,,,,1104
2022,PM사고,16,0,17,,,,,,,,,,,,,,1104
2022,뺑소니사고,19,0,35,,,,,,,,,,,,,,1104
2022,무면허사고,14,0,24,,,,,,,,,,,,,,1104
2022,전체,1534,12,1843,433.82,124.02,,33,177,222,852,36,153,415,1070,49,0,1105
2022,어린이사고,38,0,41,,,,,,,,,,,,,,1105
2022,노인사고,322,4,332,,,,,,,,,,,,,,1105
2022,보행자사고,411,2,421,,,,,,,,,,,,,,1105
2022,자전거사고,190,1,199,,,,,,,,,,,,,,1105
2022,야간사고,541,5,654,,,,,,,,,,,,,,1105
2022,어린이보행사고,15,0,15,,,,,,,,,,,,,,1105
2022,스쿨존내어린이사고,5,0,6,,,,,,,,,,,,,,1105
2022,고령운전사고,308,2,358,,,,,,,,,,,,,,1105
2022,고령보행사고,138,2,136,,,,,,,,,,,,,,1105
2022,PM사고,11,0,11,,,,,,,,,,,,,,1105
2022,뺑소니사고,18,0,21,,,,,,,,,,,,,,1105
2022,무면허사고,20,1,24,,,,,,,,,,,,,,1105
2022,전체,1288,8,1626,291.41,87.87,0,38,137,191,715,38,111,297,946,45,0,1106
2022,어린이사고,45,0,51,,,,,,,,,,,,,,1106
2022,노인사고,185,5,191,,,,,,,,,,,,,,1106
2022,보행자사고,304,5,312,,,,,,,,,,,,,,1106
2022,자전거사고,76,0,76,,,,,,,,,,,,,,1106
2022,야간사고,500,4,650,,,,,,,,,,,,,,1106
2022,어린이보행사고,14,0,14,,,,,,,,,,,,,,1106
2022,스쿨존내어린이사고,2,0,2,,,,,,,,,,,,,,1106
2022,고령운전사고,262,4,319,,,,,,,,,,,,,,1106
2022,고령보행사고,79,4,76,,,,,,,,,,,,,,1106
2022,PM사고,10,0,11,,,,,,,,,,,,,,1106
2022,뺑소니사고,17,0,26,,,,,,,,,,,,,,1106
2022,무면허사고,14,0,26,,,,,,,,,,,,,,1106
2022,전체,522,2,705,166.25,47.91,0,14,69,30,316,20,55,159,343,20,0,1107
2022,어린이사고,27,0,32,,,,,,,,,,,,,,1107
2022,노인사고,108,1,113,,,,,,,,,,,,,,1107
2022,보행자사고,160,2,162,,,,,,,,,,,,,,1107
2022,자전거사고,57,0,59,,,,,,,,,,,,,,1107
2022,야간사고,231,1,316,,,,,,,,,,,,,,1107
2022,어린이보행사고,8,0,8,,,,,,,,,,,,,,1107
2022,고령운전사고,108,1,133,,,,,,,,,,,,,,1107
2022,고령보행사고,49,1,48,,,,,,,,,,,,,,1107
2022,PM사고,4,0,5,,,,,,,,,,,,,,1107
2022,뺑소니사고,7,0,8,,,,,,,,,,,,,,1107
2022,무면허사고,6,0,7,,,,,,,,,,,,,,1107
2022,전체,918,9,1256,195.07,59.86,0,23,129,46,564,34,85,272,615,31,0,1108
2022,어린이사고,45,0,49,,,,,,,,,,,,,,1108
2022,노인사고,183,1,196,,,,,,,,,,,,,,1108
2022,보행자사고,273,3,277,,,,,,,,,,,,,,1108
2022,자전거사고,98,0,105,,,,,,,,,,,,,,1108
2022,야간사고,373,7,518,,,,,,,,,,,,,,1108
2022,어린이보행사고,25,0,25,,,,,,,,,,,,,,1108
2022,스쿨존내어린이사고,4,0,4,,,,,,,,,,,,,,1108
2022,고령운전사고,169,1,235,,,,,,,,,,,,,,1108
2022,고령보행사고,78,1,77,,,,,,,,,,,,,,1108
2022,PM사고,8,0,9,,,,,,,,,,,,,,1108
2022,뺑소니사고,40,0,48,,,,,,,,,,,,,,1108
2022,무면허사고,10,0,13,,,,,,,,,,,,,,1108
2022,전체,974,5,1303,304.8,93.19,0,17,125,110,524,65,87,255,658,61,0,1109
2022,어린이사고,49,0,67,,,,,,,,,,,,,,1109
2022,노인사고,156,2,166,,,,,,,,,,,,,,1109
2022,보행자사고,254,3,255,,,,,,,,,,,,,,1109
2022,자전거사고,67,0,69,,,,,,,,,,,,,,1109
2022,야간사고,386,4,533,,,,,,,,,,,,,,1109
2022,어린이보행사고,18,0,19,,,,,,,,,,,,,,1109
2022,스쿨존내어린이사고,3,0,3,,,,,,,,,,,,,,1109
2022,고령운전사고,187,3,244,,,,,,,,,,,,,,1109
2022,고령보행사고,63,1,62,,,,,,,,,,,,,,1109
2022,PM사고,16,0,17,,,,,,,,,,,,,,1109
2022,뺑소니사고,26,0,38,,,,,,,,,,,,,,1109
2022,무면허사고,12,0,13,,,,,,,,,,,,,,1109
2022,전체,1065,10,1483,283.56,78.22,0,29,134,101,697,15,60,238,809,18,0,1110
2022,어린이사고,36,0,46,,,,,,,,,,,,,,1110
2022,노인사고,142,5,145,,,,,,,,,,,,,,1110
2022,보행자사고,241,7,249,,,,,,,,,,,,,,1110
2022,자전거사고,92,1,102,,,,,,,,,,,,,,1110
2022,야간사고,514,4,730,,,,,,,,,,,,,,1110
2022,어린이보행사고,12,0,12,,,,,,,,,,,,,,1110
2022,스쿨존내어린이사고,2,0,2,,,,,,,,,,,,,,1110
2022,고령운전사고,152,1,217,,,,,,,,,,,,,,1110
2022,고령보행사고,40,5,35,,,,,,,,,,,,,,1110
2022,PM사고,23,1,26,,,,,,,,,,,,,,1110
2022,뺑소니사고,45,0,67,,,,,,,,,,,,,,1110
2022,무면허사고,31,0,45,,,,,,,,,,,,,,1110
2022,전체,1606,15,2108,279.48,71.09,0,41,192,153,1001,41,121,386,1178,42,0,1111
2022,어린이사고,63,0,67,,,,,,,,,,,,,,1111
2022,노인사고,264,5,279,,,,,,,,,,,,,,1111
2022,보행자사고,386,9,398,,,,,,,,,,,,,,1111
2022,자전거사고,199,1,216,,,,,,,,,,,,,,1111
2022,야간사고,659,8,893,,,,,,,,,,,,,,1111
2022,어린이보행사고,23,0,23,,,,,,,,,,,,,,1111
2022,스쿨존내어린이사고,9,0,10,,,,,,,,,,,,,,1111
2022,고령운전사고,254,1,341,,,,,,,,,,,,,,1111
2022,고령보행사고,104,5,101,,,,,,,,,,,,,,1111
2022,PM사고,10,0,11,,,,,,,,,,,,,,1111
2022,뺑소니사고,33,0,54,,,,,,,,,,,,,,1111
2022,무면허사고,24,0,43,,,,,,,,,,,,,,1111
2022,전체,1274,12,1691,304.48,77.87,0,32,140,154,748,49,111,291,935,48,0,1112
2022,어린이사고,50,0,62,,,,,,,,,,,,,,1112
2022,노인사고,224,6,233,,,,,,,,,,,,,,1112
2022,보행자사고,291,3,295,,,,,,,,,,,,,,1112
2022,자전거사고,127,1,140,,,,,,,,,,,,,,1112
2022,야간사고,506,8,710,,,,,,,,,,,,,,1112
2022,어린이보행사고,22,0,22,,,,,,,,,,,,,,1112
2022,스쿨존내어린이사고,4,0,4,,,,,,,,,,,,,,1112
2022,고령운전사고,231,7,304,,,,,,,,,,,,,,1112
2022,고령보행사고,77,2,76,,,,,,,,,,,,,,1112
2022,PM사고,12,0,16,,,,,,,,,,,,,,1112
2022,뺑소니사고,34,0,51,,,,,,,,,,,,,,1112
2022,무면허사고,17,1,20,,,,,,,,,,,,,,1112
2022,전체,1998,20,2707,501.9,125.22,0,57,211,271,1228,20,142,384,1545,69,0,1113
2022,어린이사고,39,1,53,,,,,,,,,,,,,,1113
2022,노인사고,300,5,318,,,,,,,,,,,,,,1113
2022,보행자사고,386,6,390,,,,,,,,,,,,,,1113
2022,자전거사고,253,2,283,,,,,,,,,,,,,,1113
2022,야간사고,818,13,1114,,,,,,,,,,,,,,1113
2022,어린이보행사고,5,0,5,,,,,,,,,,,,,,1113
2022,스쿨존내어린이사고,2,0,2,,,,,,,,,,,,,,1113
2022,고령운전사고,334,5,438,,,,,,,,,,,,,,1113
2022,고령보행사고,95,2,95,,,,,,,,,,,,,,1113
2022,PM사고,13,1,15,,,,,,,,,,,,,,1113
2022,뺑소니사고,32,0,42,,,,,,,,,,,,,,1113
2022,무면허사고,29,0,46,,,,,,,,,,,,,,1113
2022,전체,1217,7,1651,311.71,101.48,0,25,145,200,680,47,82,302,862,53,0,1114
2022,어린이사고,35,0,42,,,,,,,,,,,,,,1114
2022,노인사고,183,5,183,,,,,,,,,,,,,,1114
2022,보행자사고,304,5,309,,,,,,,,,,,,,,1114
2022,자전거사고,85,0,94,,,,,,,,,,,,,,1114
2022,야간사고,499,4,680,,,,,,,,,,,,,,1114
2022,어린이보행사고,12,0,12,,,,,,,,,,,,,,1114
2022,고령운전사고,210,1,276,,,,,,,,,,,,,,1114
2022,고령보행사고,82,4,78,,,,,,,,,,,,,,1114
2022,PM사고,13,0,17,,,,,,,,,,,,,,1114
2022,뺑소니사고,17,0,27,,,,,,,,,,,,,,1114
2022,무면허사고,19,0,26,,,,,,,,,,,,,,1114
2022,전체,1172,9,1535,233.83,83.5,0,23,135,150,656,87,81,283,851,38,0,1115
2022,어린이사고,23,0,29,,,,,,,,,,,,,,1115
2022,노인사고,191,8,199,,,,,,,,,,,,,,1115
2022,보행자사고,285,6,293,,,,,,,,,,,,,,1115
2022,자전거사고,53,1,55,,,,,,,,,,,,,,1115
2022,야간사고,541,4,682,,,,,,,,,,,,,,1115
2022,어린이보행사고,8,0,8,,,,,,,,,,,,,,1115
2022,스쿨존내어린이사고,2,0,2,,,,,,,,,,,,,,1115
2022,고령운전사고,215,2,279,,,,,,,,,,,,,,1115
2022,고령보행사고,78,5,74,,,,,,,,,,,,,,1115
2022,PM사고,17,0,17,,,,,,,,,,,,,,1115
2022,뺑소니사고,29,0,38,,,,,,,,,,,,,,1115
2022,무면허사고,15,1,17,,,,,,,,,,,,,,1115
2022,전체,3709,16,5052,694.44,139.99,0,59,349,474,2369,138,218,771,2879,59,0,1116
2022,어린이사고,111,2,123,,,,,,,,,,,,,,1116
2022,노인사고,414,4,442,,,,,,,,,,,,,,1116
2022,보행자사고,782,7,795,,,,,,,,,,,,,,1116
2022,자전거사고,140,1,155,,,,,,,,,,,,,,1116
2022,야간사고,1589,10,2232,,,,,,,,,,,,,,1116
2022,어린이보행사고,43,2,41,,,,,,,,,,,,,,1116
2022,스쿨존내어린이사고,7,1,6,,,,,,,,,,,,,,1116
2022,고령운전사고,586,2,807,,,,,,,,,,,,,,1116
2022,고령보행사고,82,3,80,,,,,,,,,,,,,,1116
2022,PM사고,84,2,89,,,,,,,,,,,,,,1116
2022,뺑소니사고,90,1,122,,,,,,,,,,,,,,1116
2022,무면허사고,65,0,79,,,,,,,,,,,,,,1116
2022,전체,1151,7,1553,248.04,67.5,0,15,142,152,682,43,67,262,865,24,0,1117
2022,어린이사고,53,0,63,,,,,,,,,,,,,,1117
2022,노인사고,218,1,236,,,,,,,,,,,,,,1117
2022,보행자사고,265,3,267,,,,,,,,,,,,,,1117
2022,자전거사고,127,0,133,,,,,,,,,,,,,,1117
2022,야간사고,480,6,664,,,,,,,,,,,,,,1117
2022,어린이보행사고,19,0,20,,,,,,,,,,,,,,1117
2022,스쿨존내어린이사고,1,0,1,,,,,,,,,,,,,,1117
2022,고령운전사고,239,1,309,,,,,,,,,,,,,,1117
2022,고령보행사고,77,1,77,,,,,,,,,,,,,,1117
2022,PM사고,4,0,5,,,,,,,,,,,,,,1117
2022,뺑소니사고,30,0,47,,,,,,,,,,,,,,1117
2022,무면허사고,20,0,29,,,,,,,,,,,,,,1117
2022,전체,2581,9,3594,388.4,95.73,0,60,308,332,1549,56,200,521,2012,48,0,1118
2022,어린이사고,99,0,112,,,,,,,,,,,,,,1118
2022,노인사고,366,4,399,,,,,,,,,,,,,,1118
2022,보행자사고,520,3,534,,,,,,,,,,,,,,1118
2022,자전거사고,327,1,357,,,,,,,,,,,,,,1118
2022,야간사고,1067,4,1476,,,,,,,,,,,,,,1118
2022,어린이보행사고,26,0,26,,,,,,,,,,,,,,1118
2022,스쿨존내어린이사고,5,0,5,,,,,,,,,,,,,,1118
2022,고령운전사고,416,1,602,,,,,,,,,,,,,,1118
2022,고령보행사고,102,3,101,,,,,,,,,,,,,,1118
2022,PM사고,42,1,44,,,,,,,,,,,,,,1118
2022,뺑소니사고,29,0,41,,,,,,,,,,,,,,1118
2022,무면허사고,34,1,37,,,,,,,,,,,,,,1118
2022,전체,2264,8,3391,554.29,120.15,0,25,203,338,1466,22,145,431,1791,42,0,1119
2022,어린이사고,65,0,80,,,,,,,,,,,,,,1119
2022,노인사고,265,4,302,,,,,,,,,,,,,,1119
2022,보행자사고,434,4,445,,,,,,,,,,,,,,1119
2022,자전거사고,76,1,82,,,,,,,,,,,,,,1119
2022,야간사고,885,3,1376,,,,,,,,,,,,,,1119
2022,어린이보행사고,14,0,14,,,,,,,,,,,,,,1119
2022,스쿨존내어린이사고,1,0,1,,,,,,,,,,,,,,1119
2022,고령운전사고,387,0,551,,,,,,,,,,,,,,1119
2022,고령보행사고,72,4,70,,,,,,,,,,,,,,1119
2022,PM사고,21,0,26,,,,,,,,,,,,,,1119
2022,뺑소니사고,78,1,114,,,,,,,,,,,,,,1119
2022,무면허사고,26,0,33,,,,,,,,,,,,,,1119
2022,전체,1165,8,1529,262.38,70.64,0,18,133,206,624,29,100,260,877,28,0,1120
2022,어린이사고,60,0,70,,,,,,,,,,,,,,1120
2022,노인사고,189,5,193,,,,,,,,,,,,,,1120
2022,보행자사고,261,7,259,,,,,,,,,,,,,,1120
2022,자전거사고,107,1,111,,,,,,,,,,,,,,1120
2022,야간사고,482,3,680,,,,,,,,,,,,,,1120
2022,어린이보행사고,24,0,25,,,,,,,,,,,,,,1120
2022,스쿨존내어린이사고,6,0,6,,,,,,,,,,,,,,1120
2022,고령운전사고,220,2,276,,,,,,,,,,,,,,1120
2022,고령보행사고,79,5,75,,,,,,,,,,,,,,1120
2022,PM사고,5,0,5,,,,,,,,,,,,,,1120
2022,뺑소니사고,29,0,45,,,,,,,,,,,,,,1120
2022,무면허사고,9,0,11,,,,,,,,,,,,,,1120
2022,전체,1401,10,1890,359.1,99.16,0,30,161,167,681,123,180,353,1006,42,0,1121
2022,어린이사고,46,0,53,,,,,,,,,,,,,,1121
2022,노인사고,276,4,295,,,,,,,,,,,,,,1121
2022,보행자사고,357,6,362,,,,,,,,,,,,,,1121
2022,자전거사고,158,1,172,,,,,,,,,,,,,,1121
2022,야간사고,589,4,807,,,,,,,,,,,,,,1121
2022,어린이보행사고,21,0,21,,,,,,,,,,,,,,1121
2022,스쿨존내어린이사고,1,0,1,,,,,,,,,,,,,,1121
2022,고령운전사고,263,2,365,,,,,,,,,,,,,,1121
2022,고령보행사고,105,3,104,,,,,,,,,,,,,,1121
2022,PM사고,9,0,9,,,,,,,,,,,,,,1121
2022,뺑소니사고,23,0,26,,,,,,,,,,,,,,1121
2022,무면허사고,18,0,27,,,,,,,,,,,,,,1121
2022,전체,1384,6,1913,272.43,82.48,0,37,159,190,780,44,106,310,1030,44,0,1122
2022,어린이사고,64,0,79,,,,,,,,,,,,,,1122
2022,노인사고,233,0,257,,,,,,,,,,,,,,1122
2022,보행자사고,305,2,313,,,,,,,,,,,,,,1122
2022,자전거사고,141,0,145,,,,,,,,,,,,,,1122
2022,야간사고,533,6,751,,,,,,,,,,,,,,1122
2022,어린이보행사고,18,0,19,,,,,,,,,,,,,,1122
2022,스쿨존내어린이사고,5,0,5,,,,,,,,,,,,,,1122
2022,고령운전사고,252,0,352,,,,,,,,,,,,,,1122
2022,고령보행사고,80,0,81,,,,,,,,,,,,,,1122
2022,PM사고,27,0,28,,,,,,,,,,,,,,1122
2022,뺑소니사고,32,0,49,,,,,,,,,,,,,,1122
2022,무면허사고,27,1,40,,,,,,,,,,,,,,1122
2022,전체,708,9,966,201.56,60.24,0,30,76,58,446,27,50,167,528,13,0,1123
2022,어린이사고,32,0,38,,,,,,,,,,,,,,1123
2022,노인사고,97,2,101,,,,,,,,,,,,,,1123
2022,보행자사고,167,6,169,,,,,,,,,,,,,,1123
2022,자전거사고,62,0,66,,,,,,,,,,,,,,1123
2022,야간사고,336,7,461,,,,,,,,,,,,,,1123
2022,어린이보행사고,13,0,13,,,,,,,,,,,,,,1123
2022,스쿨존내어린이사고,3,0,3,,,,,,,,,,,,,,1123
2022,고령운전사고,127,2,161,,,,,,,,,,,,,,1123
2022,고령보행사고,29,1,28,,,,,,,,,,,,,,1123
2022,PM사고,20,0,20,,,,,,,,,,,,,,1123
2022,뺑소니사고,25,1,42,,,,,,,,,,,,,,1123
2022,무면허사고,21,1,29,,,,,,,,,,,,,,1123
2022,전체,1044,6,1266,350.69,111.96,0,22,96,137,605,26,112,321,676,47,0,1124
2022,어린이사고,47,0,50,,,,,,,,,,,,,,1124
2022,노인사고,210,6,209,,,,,,,,,,,,,,1124
2022,보행자사고,321,6,323,,,,,,,,,,,,,,1124
2022,자전거사고,85,0,86,,,,,,,,,,,,,,1124
2022,야간사고,417,2,515,,,,,,,,,,,,,,1124
2022,어린이보행사고,20,0,21,,,,,,,,,,,,,,1124
2022,스쿨존내어린이사고,5,0,5,,,,,,,,,,,,,,1124
2022,고령운전사고,196,2,233,,,,,,,,,,,,,,1124
2022,고령보행사고,101,6,95,,,,,,,,,,,,,,1124
2022,PM사고,3,0,7,,,,,,,,,,,,,,1124
2022,뺑소니사고,19,0,28,,,,,,,,,,,,,,1124
2022,무면허사고,8,0,12,,,,,,,,,,,,,,1124
2022,전체,844,9,1152,347.59,81.23,,29,96,98,527,5,63,208,603,33,0,1125
2022,어린이사고,27,0,31,,,,,,,,,,,,,,1125
2022,노인사고,148,4,153,,,,,,,,,,,,,,1125
2022,보행자사고,210,5,206,,,,,,,,,,,,,,1125
2022,자전거사고,51,0,56,,,,,,,,,,,,,,1125
2022,야간사고,368,2,534,,,,,,,,,,,,,,1125
2022,어린이보행사고,10,0,10,,,,,,,,,,,,,,1125
2022,스쿨존내어린이사고,2,0,2,,,,,,,,,,,,,,1125
2022,고령운전사고,141,3,188,,,,,,,,,,,,,,1125
2022,고령보행사고,50,2,48,,,,,,,,,,,,,,1125
2022,PM사고,8,0,9,,,,,,,,,,,,,,1125
2022,뺑소니사고,26,0,32,,,,,,,,,,,,,,1125
2022,무면허사고,15,0,19,,,,,,,,,,,,,,1125
2023,전체,33811,180,45414,362.07,92.58,0,702,3785,4957,19616,1000,2486,7762,25029,1020,0,1100
2023,어린이사고,1127,1,1360,,,,,,,,,,,,,,1100
2023,노인사고,5731,71,6117,,,,,,,,,,,,,,1100
2023,보행자사고,7808,90,7980,,,,,,,,,,,,,,1100
2023,자전거사고,1531,6,1698,,,,,,,,,,,,,,1100
2023,야간사고,13341,102,18117,,,,,,,,,,,,,,1100
2023,어린이보행사고,393,1,400,,,,,,,,,,,,,,1100
2023,스쿨존내어린이사고,82,0,84,,,,,,,,,,,,,,1100
2023,고령운전사고,6864,42,9129,,,,,,,,,,,,,,1100
2023,고령보행사고,1973,44,1957,,,,,,,,,,,,,,1100
2023,PM사고,500,3,547,,,,,,,,,,,,,,1100
2023,뺑소니사고,863,7,1215,,,,,,,,,,,,,,1100
2023,무면허사고,585,6,797,,,,,,,,,,,,,,1100
2023,전체,988,8,1331,656.68,155.22,0,21,124,156,552,40,64,256,676,56,0,1101
2023,어린이사고,16,0,18,,,,,,,,,,,,,,1101
2023,노인사고,189,1,203,,,,,,,,,,,,,,1101
2023,보행자사고,255,6,265,,,,,,,,,,,,,,1101
2023,자전거사고,21,0,23,,,,,,,,,,,,,,1101
2023,야간사고,402,5,567,,,,,,,,,,,,,,1101
2023,어린이보행사고,5,0,5,,,,,,,,,,,,,,1101
2023,스쿨존내어린이사고,1,0,1,,,,,,,,,,,,,,1101
2023,고령운전사고,232,2,311,,,,,,,,,,,,,,1101
2023,고령보행사고,67,0,69,,,,,,,,,,,,,,1101
2023,PM사고,17,0,20,,,,,,,,,,,,,,1101
2023,뺑소니사고,26,0,33,,,,,,,,,,,,,,1101
2023,무면허사고,11,0,14,,,,,,,,,,,,,,1101
2023,전체,931,3,1194,706.41,134.68,,15,104,177,530,15,57,216,682,33,0,1102
2023,어린이사고,20,0,23,,,,,,,,,,,,,,1102
2023,노인사고,155,1,156,,,,,,,,,,,,,,1102
2023,보행자사고,216,3,218,,,,,,,,,,,,,,1102
2023,자전거사고,24,0,25,,,,,,,,,,,,,,1102
2023,야간사고,356,2,467,,,,,,,,,,,,,,1102
2023,어린이보행사고,4,0,4,,,,,,,,,,,,,,1102
2023,스쿨존내어린이사고,2,0,2,,,,,,,,,,,,,,1102
2023,고령운전사고,203,1,250,,,,,,,,,,,,,,1102
2023,고령보행사고,60,1,59,,,,,,,,,,,,,,1102
2023,PM사고,10,0,13,,,,,,,,,,,,,,1102
2023,뺑소니사고,23,0,26,,,,,,,,,,,,,,1102
2023,무면허사고,12,0,15,,,,,,,,,,,,,,1102
2023,전체,996,11,1366,438.56,107.38,0,32,120,207,495,21,84,205,763,28,0,1103
2023,어린이사고,23,0,26,,,,,,,,,,,,,,1103
2023,노인사고,134,4,145,,,,,,,,,,,,,,1103
2023,보행자사고,209,2,218,,,,,,,,,,,,,,1103
2023,자전거사고,32,1,34,,,,,,,,,,,,,,1103
2023,야간사고,426,7,605,,,,,,,,,,,,,,1103
2023,어린이보행사고,9,0,9,,,,,,,,,,,,,,1103
2023,고령운전사고,198,2,253,,,,,,,,,,,,,,1103
2023,고령보행사고,31,1,34,,,,,,,,,,,,,,1103
2023,PM사고,8,1,8,,,,,,,,,,,,,,1103
2023,뺑소니사고,50,1,80,,,,,,,,,,,,,,1103
2023,무면허사고,20,1,31,,,,,,,,,,,,,,1103
2023,전체,919,6,1221,322.72,75.76,0,31,94,164,505,39,46,216,687,16,0,1104
2023,어린이사고,40,0,48,,,,,,,,,,,,,,1104
2023,노인사고,135,3,140,,,,,,,,,,,,,,1104
2023,보행자사고,219,3,225,,,,,,,,,,,,,,1104
2023,자전거사고,49,0,58,,,,,,,,,,,,,,1104
2023,야간사고,343,3,483,,,,,,,,,,,,,,1104
2023,어린이보행사고,14,0,15,,,,,,,,,,,,,,1104
2023,스쿨존내어린이사고,2,0,2,,,,,,,,,,,,,,1104
2023,고령운전사고,154,1,210,,,,,,,,,,,,,,1104
2023,고령보행사고,52,1,52,,,,,,,,,,,,,,1104
2023,PM사고,6,1,5,,,,,,,,,,,,,,1104
2023,뺑소니사고,8,0,16,,,,,,,,,,,,,,1104
2023,무면허사고,16,1,23,,,,,,,,,,,,,,1104
2023,전체,1674,10,2039,465.16,131.71,0,28,173,256,920,63,173,385,1242,47,0,1105
2023,어린이사고,39,0,45,,,,,,,,,,,,,,1105
2023,노인사고,390,3,405,,,,,,,,,,,,,,1105
2023,보행자사고,385,5,389,,,,,,,,,,,,,,1105
2023,자전거사고,119,0,130,,,,,,,,,,,,,,1105
2023,야간사고,563,6,685,,,,,,,,,,,,,,1105
2023,어린이보행사고,15,0,16,,,,,,,,,,,,,,1105
2023,스쿨존내어린이사고,2,0,2,,,,,,,,,,,,,,1105
2023,고령운전사고,396,1,498,,,,,,,,,,,,,,1105
2023,고령보행사고,155,3,152,,,,,,,,,,,,,,1105
2023,PM사고,18,0,18,,,,,,,,,,,,,,1105
2023,뺑소니사고,23,2,34,,,,,,,,,,,,,,1105
2023,무면허사고,30,2,38,,,,,,,,,,,,,,1105
2023,전체,1256,8,1581,286.65,85.88,0,31,159,205,677,31,104,302,898,56,0,1106
2023,어린이사고,48,0,57,,,,,,,,,,,,,,1106
2023,노인사고,240,4,252,,,,,,,,,,,,,,1106
2023,보행자사고,303,5,308,,,,,,,,,,,,,,1106
2023,자전거사고,33,0,35,,,,,,,,,,,,,,1106
2023,야간사고,466,2,608,,,,,,,,,,,,,,1106
2023,어린이보행사고,22,0,22,,,,,,,,,,,,,,1106
2023,스쿨존내어린이사고,3,0,3,,,,,,,,,,,,,,1106
2023,고령운전사고,244,2,317,,,,,,,,,,,,,,1106
2023,고령보행사고,97,2,96,,,,,,,,,,,,,,1106
2023,PM사고,15,0,15,,,,,,,,,,,,,,1106
2023,뺑소니사고,13,0,18,,,,,,,,,,,,,,1106
2023,무면허사고,16,0,19,,,,,,,,,,,,,,1106
2023,전체,530,7,685,171.25,48.86,0,20,57,48,296,18,65,134,363,33,0,1107
2023,어린이사고,16,0,16,,,,,,,,,,,,,,1107
2023,노인사고,144,1,154,,,,,,,,,,,,,,1107
2023,보행자사고,134,5,133,,,,,,,,,,,,,,1107
2023,자전거사고,36,0,40,,,,,,,,,,,,,,1107
2023,야간사고,219,3,293,,,,,,,,,,,,,,1107
2023,어린이보행사고,7,0,7,,,,,,,,,,,,,,1107
2023,스쿨존내어린이사고,2,0,2,,,,,,,,,,,,,,1107
2023,고령운전사고,117,1,153,,,,,,,,,,,,,,1107
2023,고령보행사고,61,1,61,,,,,,,,,,,,,,1107
2023,PM사고,9,0,9,,,,,,,,,,,,,,1107
2023,뺑소니사고,9,0,9,,,,,,,,,,,,,,1107
2023,무면허사고,14,0,15,,,,,,,,,,,,,,1107
2023,전체,1039,7,1353,220.66,67.09,,19,155,97,574,41,115,320,670,49,0,1108
2023,어린이사고,48,0,57,,,,,,,,,,,,,,1108
2023,노인사고,238,4,248,,,,,,,,,,,,,,1108
2023,보행자사고,320,6,330,,,,,,,,,,,,,,1108
2023,자전거사고,32,0,39,,,,,,,,,,,,,,1108
2023,야간사고,426,3,556,,,,,,,,,,,,,,1108
2023,어린이보행사고,15,0,16,,,,,,,,,,,,,,1108
2023,스쿨존내어린이사고,2,0,3,,,,,,,,,,,,,,1108
2023,고령운전사고,233,1,295,,,,,,,,,,,,,,1108
2023,고령보행사고,112,4,112,,,,,,,,,,,,,,1108
2023,PM사고,6,0,6,,,,,,,,,,,,,,1108
2023,뺑소니사고,28,0,38,,,,,,,,,,,,,,1108
2023,무면허사고,19,0,33,,,,,,,,,,,,,,1108
2023,전체,916,4,1220,285.69,86.92,0,19,116,77,534,50,82,223,641,52,0,1109
2023,어린이사고,30,0,34,,,,,,,,,,,,,,1109
2023,노인사고,152,3,159,,,,,,,,,,,,,,1109
2023,보행자사고,224,1,227,,,,,,,,,,,,,,1109
2023,자전거사고,23,0,24,,,,,,,,,,,,,,1109
2023,야간사고,354,0,465,,,,,,,,,,,,,,1109
2023,어린이보행사고,10,0,10,,,,,,,,,,,,,,1109
2023,스쿨존내어린이사고,5,0,5,,,,,,,,,,,,,,1109
2023,고령운전사고,203,2,274,,,,,,,,,,,,,,1109
2023,고령보행사고,58,1,59,,,,,,,,,,,,,,1109
2023,PM사고,10,0,11,,,,,,,,,,,,,,1109
2023,뺑소니사고,22,0,29,,,,,,,,,,,,,,1109
2023,무면허사고,8,0,8,,,,,,,,,,,,,,1109
2023,전체,1250,14,1715,333.19,91.21,0,25,131,132,844,17,59,272,959,19,0,1110
2023,어린이사고,29,0,38,,,,,,,,,,,,,,1110
2023,노인사고,161,8,166,,,,,,,,,,,,,,1110
2023,보행자사고,277,5,279,,,,,,,,,,,,,,1110
2023,자전거사고,37,1,37,,,,,,,,,,,,,,1110
2023,야간사고,540,7,736,,,,,,,,,,,,,,1110
2023,어린이보행사고,9,0,9,,,,,,,,,,,,,,1110
2023,스쿨존내어린이사고,1,0,1,,,,,,,,,,,,,,1110
2023,고령운전사고,219,4,321,,,,,,,,,,,,,,1110
2023,고령보행사고,46,4,42,,,,,,,,,,,,,,1110
2023,PM사고,24,0,25,,,,,,,,,,,,,,1110
2023,뺑소니사고,74,0,105,,,,,,,,,,,,,,1110
2023,무면허사고,44,0,62,,,,,,,,,,,,,,1110
2023,전체,1518,9,2112,266.87,67.66,0,36,188,162,939,43,93,330,1153,35,0,1111
2023,어린이사고,59,0,79,,,,,,,,,,,,,,1111
2023,노인사고,247,3,265,,,,,,,,,,,,,,1111
2023,보행자사고,333,4,336,,,,,,,,,,,,,,1111
2023,자전거사고,76,0,81,,,,,,,,,,,,,,1111
2023,야간사고,593,5,829,,,,,,,,,,,,,,1111
2023,어린이보행사고,23,0,24,,,,,,,,,,,,,,1111
2023,스쿨존내어린이사고,4,0,4,,,,,,,,,,,,,,1111
2023,고령운전사고,302,2,404,,,,,,,,,,,,,,1111
2023,고령보행사고,88,2,86,,,,,,,,,,,,,,1111
2023,PM사고,17,0,18,,,,,,,,,,,,,,1111
2023,뺑소니사고,43,0,65,,,,,,,,,,,,,,1111
2023,무면허사고,26,0,42,,,,,,,,,,,,,,1111
2023,전체,1359,5,1840,326.96,83.49,0,32,181,199,735,42,108,338,988,33,0,1112
2023,어린이사고,48,0,54,,,,,,,,,,,,,,1112
2023,노인사고,266,1,305,,,,,,,,,,,,,,1112
2023,보행자사고,339,1,342,,,,,,,,,,,,,,1112
2023,자전거사고,78,0,85,,,,,,,,,,,,,,1112
2023,야간사고,543,4,735,,,,,,,,,,,,,,1112
2023,어린이보행사고,26,0,26,,,,,,,,,,,,,,1112
2023,스쿨존내어린이사고,5,0,5,,,,,,,,,,,,,,1112
2023,고령운전사고,274,2,369,,,,,,,,,,,,,,1112
2023,고령보행사고,91,0,92,,,,,,,,,,,,,,1112
2023,PM사고,19,0,24,,,,,,,,,,,,,,1112
2023,뺑소니사고,38,0,54,,,,,,,,,,,,,,1112
2023,무면허사고,26,0,42,,,,,,,,,,,,,,1112
2023,전체,1900,7,2619,477.63,119.61,0,30,224,344,1086,30,114,385,1442,73,0,1113
2023,어린이사고,63,0,85,,,,,,,,,,,,,,1113
2023,노인사고,305,2,320,,,,,,,,,,,,,,1113
2023,보행자사고,383,3,394,,,,,,,,,,,,,,1113
2023,자전거사고,150,1,169,,,,,,,,,,,,,,1113
2023,야간사고,791,3,1111,,,,,,,,,,,,,,1113
2023,어린이보행사고,16,0,17,,,,,,,,,,,,,,1113
2023,스쿨존내어린이사고,4,0,4,,,,,,,,,,,,,,1113
2023,고령운전사고,374,3,507,,,,,,,,,,,,,,1113
2023,고령보행사고,81,2,80,,,,,,,,,,,,,,1113
2023,PM사고,18,0,18,,,,,,,,,,,,,,1113
2023,뺑소니사고,34,0,46,,,,,,,,,,,,,,1113
2023,무면허사고,21,0,29,,,,,,,,,,,,,,1113
2023,전체,1242,6,1668,318.7,103.25,0,18,147,226,664,32,90,324,870,48,0,1114
2023,어린이사고,42,0,49,,,,,,,,,,,,,,1114
2023,노인사고,228,4,246,,,,,,,,,,,,,,1114
2023,보행자사고,326,5,339,,,,,,,,,,,,,,1114
2023,자전거사고,48,0,52,,,,,,,,,,,,,,1114
2023,야간사고,501,3,686,,,,,,,,,,,,,,1114
2023,어린이보행사고,14,0,15,,,,,,,,,,,,,,1114
2023,스쿨존내어린이사고,4,0,4,,,,,,,,,,,,,,1114
2023,고령운전사고,265,1,340,,,,,,,,,,,,,,1114
2023,고령보행사고,87,4,84,,,,,,,,,,,,,,1114
2023,PM사고,15,0,15,,,,,,,,,,,,,,1114
2023,뺑소니사고,18,0,25,,,,,,,,,,,,,,1114
2023,무면허사고,18,0,25,,,,,,,,,,,,,,1114
2023,전체,980,10,1252,196.83,69.96,0,18,97,101,585,60,81,286,671,23,0,1115
2023,어린이사고,16,0,19,,,,,,,,,,,,,,1115
2023,노인사고,158,2,171,,,,,,,,,,,,,,1115
2023,보행자사고,285,4,291,,,,,,,,,,,,,,1115
2023,자전거사고,18,0,18,,,,,,,,,,,,,,1115
2023,야간사고,435,5,546,,,,,,,,,,,,,,1115
2023,어린이보행사고,7,0,7,,,,,,,,,,,,,,1115
2023,스쿨존내어린이사고,2,0,2,,,,,,,,,,,,,,1115
2023,고령운전사고,172,2,226,,,,,,,,,,,,,,1115
2023,고령보행사고,75,2,74,,,,,,,,,,,,,,1115
2023,PM사고,18,0,18,,,,,,,,,,,,,,1115
2023,뺑소니사고,31,0,37,,,,,,,,,,,,,,1115
2023,무면허사고,21,0,32,,,,,,,,,,,,,,1115
2023,전체,3926,7,5229,713.45,145.65,0,53,339,581,2525,109,201,801,3057,68,0,1116
2023,어린이사고,99,0,110,,,,,,,,,,,,,,1116
2023,노인사고,444,2,481,,,,,,,,,,,,,,1116
2023,보행자사고,806,5,829,,,,,,,,,,,,,,1116
2023,자전거사고,105,0,124,,,,,,,,,,,,,,1116
2023,야간사고,1602,6,2142,,,,,,,,,,,,,,1116
2023,어린이보행사고,34,0,34,,,,,,,,,,,,,,1116
2023,스쿨존내어린이사고,7,0,7,,,,,,,,,,,,,,1116
2023,고령운전사고,753,1,994,,,,,,,,,,,,,,1116
2023,고령보행사고,84,1,83,,,,,,,,,,,,,,1116
2023,PM사고,114,0,119,,,,,,,,,,,,,,1116
2023,뺑소니사고,91,1,115,,,,,,,,,,,,,,1116
2023,무면허사고,81,0,102,,,,,,,,,,,,,,1116
2023,전체,1185,4,1522,255.76,69.08,0,35,114,130,763,38,56,291,873,21,0,1117
2023,어린이사고,54,0,60,,,,,,,,,,,,,,1117
2023,노인사고,255,0,272,,,,,,,,,,,,,,1117
2023,보행자사고,295,0,306,,,,,,,,,,,,,,1117
2023,자전거사고,69,0,75,,,,,,,,,,,,,,1117
2023,야간사고,420,3,527,,,,,,,,,,,,,,1117
2023,어린이보행사고,23,0,23,,,,,,,,,,,,,,1117
2023,스쿨존내어린이사고,1,0,1,,,,,,,,,,,,,,1117
2023,고령운전사고,294,1,401,,,,,,,,,,,,,,1117
2023,고령보행사고,92,0,93,,,,,,,,,,,,,,1117
2023,PM사고,10,0,15,,,,,,,,,,,,,,1117
2023,뺑소니사고,51,0,76,,,,,,,,,,,,,,1117
2023,무면허사고,18,0,27,,,,,,,,,,,,,,1117
2023,전체,2614,10,3603,396.05,99.37,0,51,319,353,1567,70,183,530,2035,49,0,1118
2023,어린이사고,106,0,131,,,,,,,,,,,,,,1118
2023,노인사고,405,4,437,,,,,,,,,,,,,,1118
2023,보행자사고,529,6,544,,,,,,,,,,,,,,1118
2023,자전거사고,181,1,208,,,,,,,,,,,,,,1118
2023,야간사고,1046,6,1459,,,,,,,,,,,,,,1118
2023,어린이보행사고,25,0,25,,,,,,,,,,,,,,1118
2023,스쿨존내어린이사고,6,0,7,,,,,,,,,,,,,,1118
2023,고령운전사고,514,3,703,,,,,,,,,,,,,,1118
2023,고령보행사고,121,3,118,,,,,,,,,,,,,,1118
2023,PM사고,54,0,64,,,,,,,,,,,,,,1118
2023,뺑소니사고,34,1,53,,,,,,,,,,,,,,1118
2023,무면허사고,41,0,53,,,,,,,,,,,,,,1118
2023,전체,2168,7,3319,526.11,114.88,0,40,166,457,1206,24,188,366,1745,57,0,1119
2023,어린이사고,80,0,111,,,,,,,,,,,,,,1119
2023,노인사고,312,2,352,,,,,,,,,,,,,,1119
2023,보행자사고,369,3,380,,,,,,,,,,,,,,1119
2023,자전거사고,47,0,50,,,,,,,,,,,,,,1119
2023,야간사고,809,6,1225,,,,,,,,,,,,,,1119
2023,어린이보행사고,22,0,22,,,,,,,,,,,,,,1119
2023,스쿨존내어린이사고,4,0,4,,,,,,,,,,,,,,1119
2023,고령운전사고,415,0,579,,,,,,,,,,,,,,1119
2023,고령보행사고,52,1,54,,,,,,,,,,,,,,1119
2023,PM사고,29,1,33,,,,,,,,,,,,,,1119
2023,뺑소니사고,137,0,194,,,,,,,,,,,,,,1119
2023,무면허사고,26,1,44,,,,,,,,,,,,,,1119
2023,전체,1221,5,1624,277.97,74.27,,23,134,265,634,28,80,284,901,36,0,1120
2023,어린이사고,59,0,63,,,,,,,,,,,,,,1120
2023,노인사고,207,2,222,,,,,,,,,,,,,,1120
2023,보행자사고,286,2,291,,,,,,,,,,,,,,1120
2023,자전거사고,67,1,73,,,,,,,,,,,,,,1120
2023,야간사고,447,5,598,,,,,,,,,,,,,,1120
2023,어린이보행사고,22,0,23,,,,,,,,,,,,,,1120
2023,스쿨존내어린이사고,7,0,7,,,,,,,,,,,,,,1120
2023,고령운전사고,261,1,323,,,,,,,,,,,,,,1120
2023,고령보행사고,82,1,83,,,,,,,,,,,,,,1120
2023,PM사고,4,0,4,,,,,,,,,,,,,,1120
2023,뺑소니사고,30,1,45,,,,,,,,,,,,,,1120
2023,무면허사고,16,1,20,,,,,,,,,,,,,,1120
2023,전체,1268,7,1704,327.25,89.45,0,39,155,180,634,90,122,332,887,49,0,1121
2023,어린이사고,45,0,54,,,,,,,,,,,,,,1121
2023,노인사고,290,3,303,,,,,,,,,,,,,,1121
2023,보행자사고,334,1,344,,,,,,,,,,,,,,1121
2023,자전거사고,88,0,101,,,,,,,,,,,,,,1121
2023,야간사고,497,4,699,,,,,,,,,,,,,,1121
2023,어린이보행사고,18,0,18,,,,,,,,,,,,,,1121
2023,스쿨존내어린이사고,4,0,4,,,,,,,,,,,,,,1121
2023,고령운전사고,273,2,363,,,,,,,,,,,,,,1121
2023,고령보행사고,122,1,122,,,,,,,,,,,,,,1121
2023,PM사고,9,0,11,,,,,,,,,,,,,,1121
2023,뺑소니사고,22,0,25,,,,,,,,,,,,,,1121
2023,무면허사고,14,0,19,,,,,,,,,,,,,,1121
2023,전체,1366,9,1869,271.61,81.49,0,37,193,193,718,56,118,269,1065,32,0,1122
2023,어린이사고,50,0,74,,,,,,,,,,,,,,1122
2023,노인사고,237,7,248,,,,,,,,,,,,,,1122
2023,보행자사고,273,5,276,,,,,,,,,,,,,,1122
2023,자전거사고,77,1,84,,,,,,,,,,,,,,1122
2023,야간사고,519,5,718,,,,,,,,,,,,,,1122
2023,어린이보행사고,12,0,13,,,,,,,,,,,,,,1122
2023,스쿨존내어린이사고,6,0,6,,,,,,,,,,,,,,1122
2023,고령운전사고,277,2,400,,,,,,,,,,,,,,1122
2023,고령보행사고,82,5,78,,,,,,,,,,,,,,1122
2023,PM사고,30,0,31,,,,,,,,,,,,,,1122
2023,뺑소니사고,11,0,18,,,,,,,,,,,,,,1122
2023,무면허사고,28,0,31,,,,,,,,,,,,,,1122
2023,전체,717,4,899,204.17,61.39,0,8,79,61,479,14,56,186,517,14,0,1123
2023,어린이사고,27,0,29,,,,,,,,,,,,,,1123
2023,노인사고,77,1,81,,,,,,,,,,,,,,1123
2023,보행자사고,187,3,185,,,,,,,,,,,,,,1123
2023,자전거사고,38,0,40,,,,,,,,,,,,,,1123
2023,야간사고,296,3,354,,,,,,,,,,,,,,1123
2023,어린이보행사고,14,0,14,,,,,,,,,,,,,,1123
2023,스쿨존내어린이사고,3,0,3,,,,,,,,,,,,,,1123
2023,고령운전사고,123,1,149,,,,,,,,,,,,,,1123
2023,고령보행사고,23,1,22,,,,,,,,,,,,,,1123
2023,PM사고,15,0,17,,,,,,,,,,,,,,1123
2023,뺑소니사고,17,1,24,,,,,,,,,,,,,,1123
2023,무면허사고,16,0,19,,,,,,,,,,,,,,1123
2023,전체,972,5,1217,331.77,105,0,23,96,111,595,18,97,286,645,41,0,1124
2023,어린이사고,36,1,41,,,,,,,,,,,,,,1124
2023,노인사고,192,2,202,,,,,,,,,,,,,,1124
2023,보행자사고,292,4,296,,,,,,,,,,,,,,1124
2023,자전거사고,45,0,47,,,,,,,,,,,,,,1124
2023,야간사고,393,2,509,,,,,,,,,,,,,,1124
2023,어린이보행사고,14,1,13,,,,,,,,,,,,,,1124
2023,스쿨존내어린이사고,2,0,2,,,,,,,,,,,,,,1124
2023,고령운전사고,223,2,284,,,,,,,,,,,,,,1124
2023,고령보행사고,80,1,79,,,,,,,,,,,,,,1124
2023,PM사고,10,0,11,,,,,,,,,,,,,,1124
2023,뺑소니사고,12,0,25,,,,,,,,,,,,,,1124
2023,무면허사고,21,0,26,,,,,,,,,,,,,,1124
2023,전체,876,7,1232,363.33,82.63,0,18,120,75,559,11,50,225,599,52,0,1125
2023,어린이사고,34,0,39,,,,,,,,,,,,,,1125
2023,노인사고,170,4,184,,,,,,,,,,,,,,1125
2023,보행자사고,229,3,235,,,,,,,,,,,,,,1125
2023,자전거사고,38,0,46,,,,,,,,,,,,,,1125
2023,야간사고,354,4,514,,,,,,,,,,,,,,1125
2023,어린이보행사고,13,0,13,,,,,,,,,,,,,,1125
2023,스쿨존내어린이사고,3,0,3,,,,,,,,,,,,,,1125
2023,고령운전사고,145,2,205,,,,,,,,,,,,,,1125
2023,고령보행사고,74,2,73,,,,,,,,,,,,,,1125
2023,PM사고,15,0,19,,,,,,,,,,,,,,1125
2023,뺑소니사고,18,0,25,,,,,,,,,,,,,,1125
2023,무면허사고,22,0,28,,,,,,,,,,,,,,1125
2024,전체,33465,212,44327,356.25,91.96,0,561,3390,5298,19419,999,2558,7633,24736,1096,0,1100
2024,어린이사고,1119,2,1338,,,,,,,,,,,,,,1100
2024,노인사고,5926,107,6309,,,,,,,,,,,,,,1100
2024,보행자사고,7670,117,7809,,,,,,,,,,,,,,1100
2024,자전거사고,1670,11,1845,,,,,,,,,,,,,,1100
2024,야간사고,12844,108,17012,,,,,,,,,,,,,,1100
2024,어린이보행사고,372,1,378,,,,,,,,,,,,,,1100
2024,스쿨존내어린이사고,96,1,102,,,,,,,,,,,,,,1100
2024,고령운전사고,7275,66,9662,,,,,,,,,,,,,,1100
2024,고령보행사고,1963,68,1921,,,,,,,,,,,,,,1100
2024,PM사고,448,1,502,,,,,,,,,,,,,,1100
2024,뺑소니사고,749,4,983,,,,,,,,,,,,,,1100
2024,무면허사고,486,4,626,,,,,,,,,,,,,,1100
2024,전체,917,5,1253,612.94,145.96,,17,111,167,509,22,51,224,656,37,0,1101
2024,어린이사고,19,0,20,,,,,,,,,,,,,,1101
2024,노인사고,172,2,180,,,,,,,,,,,,,,1101
2024,보행자사고,227,4,233,,,,,,,,,,,,,,1101
2024,자전거사고,21,0,21,,,,,,,,,,,,,,1101
2024,야간사고,362,3,475,,,,,,,,,,,,,,1101
2024,어린이보행사고,5,0,5,,,,,,,,,,,,,,1101
2024,고령운전사고,232,2,346,,,,,,,,,,,,,,1101
2024,고령보행사고,60,2,58,,,,,,,,,,,,,,1101
2024,PM사고,8,0,9,,,,,,,,,,,,,,1101
2024,뺑소니사고,13,0,21,,,,,,,,,,,,,,1101
2024,무면허사고,7,0,8,,,,,,,,,,,,,,1101
2024,전체,976,16,1236,743.82,146.62,0,9,90,190,556,10,72,241,693,42,0,1102
2024,어린이사고,22,0,26,,,,,,,,,,,,,,1102
2024,노인사고,180,2,188,,,,,,,,,,,,,,1102
2024,보행자사고,241,15,245,,,,,,,,,,,,,,1102
2024,자전거사고,21,0,24,,,,,,,,,,,,,,1102
2024,야간사고,369,13,464,,,,,,,,,,,,,,1102
2024,어린이보행사고,5,0,5,,,,,,,,,,,,,,1102
2024,스쿨존내어린이사고,2,0,2,,,,,,,,,,,,,,1102
2024,고령운전사고,246,12,303,,,,,,,,,,,,,,1102
2024,고령보행사고,61,2,62,,,,,,,,,,,,,,1102
2024,PM사고,8,0,10,,,,,,,,,,,,,,1102
2024,뺑소니사고,16,1,22,,,,,,,,,,,,,,1102
2024,무면허사고,11,1,18,,,,,,,,,,,,,,1102
2024,전체,868,12,1174,399.64,95.62,0,27,76,194,435,20,82,170,668,30,0,1103
2024,어린이사고,18,0,22,,,,,,,,,,,,,,1103
2024,노인사고,127,4,130,,,,,,,,,,,,,,1103
2024,보행자사고,174,2,180,,,,,,,,,,,,,,1103
2024,자전거사고,33,0,35,,,,,,,,,,,,,,1103
2024,야간사고,357,7,501,,,,,,,,,,,,,,1103
2024,어린이보행사고,5,0,5,,,,,,,,,,,,,,1103
2024,고령운전사고,183,1,252,,,,,,,,,,,,,,1103
2024,고령보행사고,33,2,31,,,,,,,,,,,,,,1103
2024,PM사고,2,0,2,,,,,,,,,,,,,,1103
2024,뺑소니사고,49,0,72,,,,,,,,,,,,,,1103
2024,무면허사고,11,0,13,,,,,,,,,,,,,,1103
2024,전체,919,7,1155,326.71,76.06,0,16,85,182,503,37,53,195,701,23,0,1104
2024,어린이사고,25,0,29,,,,,,,,,,,,,,1104
2024,노인사고,134,2,142,,,,,,,,,,,,,,1104
2024,보행자사고,196,2,194,,,,,,,,,,,,,,1104
2024,자전거사고,40,0,41,,,,,,,,,,,,,,1104
2024,야간사고,348,5,435,,,,,,,,,,,,,,1104
2024,어린이보행사고,8,0,8,,,,,,,,,,,,,,1104
2024,스쿨존내어린이사고,2,0,2,,,,,,,,,,,,,,1104
2024,고령운전사고,185,1,242,,,,,,,,,,,,,,1104
2024,고령보행사고,37,1,36,,,,,,,,,,,,,,1104
2024,PM사고,9,0,10,,,,,,,,,,,,,,1104
2024,뺑소니사고,12,0,22,,,,,,,,,,,,,,1104
2024,무면허사고,12,0,15,,,,,,,,,,,,,,1104
2024,전체,1520,5,1906,423.87,119.74,0,27,175,255,793,80,150,342,1114,64,0,1105
2024,어린이사고,44,0,52,,,,,,,,,,,,,,1105
2024,노인사고,341,5,360,,,,,,,,,,,,,,1105
2024,보행자사고,339,3,348,,,,,,,,,,,,,,1105
2024,자전거사고,108,0,117,,,,,,,,,,,,,,1105
2024,야간사고,560,1,710,,,,,,,,,,,,,,1105
2024,어린이보행사고,12,0,12,,,,,,,,,,,,,,1105
2024,스쿨존내어린이사고,6,0,9,,,,,,,,,,,,,,1105
2024,고령운전사고,386,4,487,,,,,,,,,,,,,,1105
2024,고령보행사고,130,3,131,,,,,,,,,,,,,,1105
2024,PM사고,13,0,15,,,,,,,,,,,,,,1105
2024,뺑소니사고,19,1,21,,,,,,,,,,,,,,1105
2024,무면허사고,21,1,30,,,,,,,,,,,,,,1105
2024,전체,1286,7,1628,295.61,88.34,0,27,135,231,710,34,96,306,914,66,0,1106
2024,어린이사고,33,0,37,,,,,,,,,,,,,,1106
2024,노인사고,271,3,290,,,,,,,,,,,,,,1106
2024,보행자사고,304,4,306,,,,,,,,,,,,,,1106
2024,자전거사고,48,1,51,,,,,,,,,,,,,,1106
2024,야간사고,468,2,572,,,,,,,,,,,,,,1106
2024,어린이보행사고,13,0,13,,,,,,,,,,,,,,1106
2024,스쿨존내어린이사고,1,0,1,,,,,,,,,,,,,,1106
2024,고령운전사고,299,0,381,,,,,,,,,,,,,,1106
2024,고령보행사고,103,3,100,,,,,,,,,,,,,,1106
2024,PM사고,6,0,6,,,,,,,,,,,,,,1106
2024,뺑소니사고,8,0,8,,,,,,,,,,,,,,1106
2024,무면허사고,12,0,14,,,,,,,,,,,,,,1106
2024,전체,522,5,671,170.57,48.56,0,10,70,43,284,26,62,150,344,28,0,1107
2024,어린이사고,21,0,23,,,,,,,,,,,,,,1107
2024,노인사고,135,4,145,,,,,,,,,,,,,,1107
2024,보행자사고,152,4,158,,,,,,,,,,,,,,1107
2024,자전거사고,47,0,52,,,,,,,,,,,,,,1107
2024,야간사고,206,3,274,,,,,,,,,,,,,,1107
2024,어린이보행사고,7,0,7,,,,,,,,,,,,,,1107
2024,스쿨존내어린이사고,4,0,4,,,,,,,,,,,,,,1107
2024,고령운전사고,147,1,175,,,,,,,,,,,,,,1107
2024,고령보행사고,61,3,59,,,,,,,,,,,,,,1107
2024,PM사고,8,0,10,,,,,,,,,,,,,,1107
2024,뺑소니사고,8,0,8,,,,,,,,,,,,,,1107
2024,무면허사고,13,0,15,,,,,,,,,,,,,,1107
2024,전체,1218,2,1574,261.74,79,0,20,181,130,651,57,118,348,802,68,0,1108
2024,어린이사고,54,0,62,,,,,,,,,,,,,,1108
2024,노인사고,264,2,286,,,,,,,,,,,,,,1108
2024,보행자사고,351,1,360,,,,,,,,,,,,,,1108
2024,자전거사고,61,0,69,,,,,,,,,,,,,,1108
2024,야간사고,472,1,605,,,,,,,,,,,,,,1108
2024,어린이보행사고,27,0,27,,,,,,,,,,,,,,1108
2024,스쿨존내어린이사고,4,0,4,,,,,,,,,,,,,,1108
2024,고령운전사고,278,2,373,,,,,,,,,,,,,,1108
2024,고령보행사고,111,1,112,,,,,,,,,,,,,,1108
2024,PM사고,15,0,16,,,,,,,,,,,,,,1108
2024,뺑소니사고,27,0,28,,,,,,,,,,,,,,1108
2024,무면허사고,15,0,17,,,,,,,,,,,,,,1108
2024,전체,818,6,1105,256.73,77.64,0,8,88,69,504,40,79,240,537,41,0,1109
2024,어린이사고,33,0,40,,,,,,,,,,,,,,1109
2024,노인사고,177,2,190,,,,,,,,,,,,,,1109
2024,보행자사고,240,3,252,,,,,,,,,,,,,,1109
2024,자전거사고,24,0,27,,,,,,,,,,,,,,1109
2024,야간사고,316,3,431,,,,,,,,,,,,,,1109
2024,어린이보행사고,13,0,15,,,,,,,,,,,,,,1109
2024,스쿨존내어린이사고,2,0,3,,,,,,,,,,,,,,1109
2024,고령운전사고,187,1,248,,,,,,,,,,,,,,1109
2024,고령보행사고,69,2,67,,,,,,,,,,,,,,1109
2024,PM사고,3,0,4,,,,,,,,,,,,,,1109
2024,뺑소니사고,18,0,25,,,,,,,,,,,,,,1109
2024,무면허사고,11,0,17,,,,,,,,,,,,,,1109
2024,전체,1201,11,1641,322.2,88.05,0,25,109,149,810,15,55,242,929,30,0,1110
2024,어린이사고,35,0,42,,,,,,,,,,,,,,1110
2024,노인사고,175,5,182,,,,,,,,,,,,,,1110
2024,보행자사고,240,5,240,,,,,,,,,,,,,,1110
2024,자전거사고,56,1,60,,,,,,,,,,,,,,1110
2024,야간사고,549,7,762,,,,,,,,,,,,,,1110
2024,어린이보행사고,7,0,7,,,,,,,,,,,,,,1110
2024,스쿨존내어린이사고,1,0,1,,,,,,,,,,,,,,1110
2024,고령운전사고,219,6,265,,,,,,,,,,,,,,1110
2024,고령보행사고,38,2,36,,,,,,,,,,,,,,1110
2024,PM사고,18,0,18,,,,,,,,,,,,,,1110
2024,뺑소니사고,85,0,108,,,,,,,,,,,,,,1110
2024,무면허사고,23,0,31,,,,,,,,,,,,,,1110
2024,전체,1538,12,2001,273.57,69.12,0,35,170,137,990,45,98,353,1131,54,0,1111
2024,어린이사고,49,0,56,,,,,,,,,,,,,,1111
2024,노인사고,280,9,302,,,,,,,,,,,,,,1111
2024,보행자사고,356,6,359,,,,,,,,,,,,,,1111
2024,자전거사고,82,1,92,,,,,,,,,,,,,,1111
2024,야간사고,614,2,812,,,,,,,,,,,,,,1111
2024,어린이보행사고,17,0,17,,,,,,,,,,,,,,1111
2024,스쿨존내어린이사고,10,0,10,,,,,,,,,,,,,,1111
2024,고령운전사고,326,5,404,,,,,,,,,,,,,,1111
2024,고령보행사고,92,4,90,,,,,,,,,,,,,,1111
2024,PM사고,23,0,27,,,,,,,,,,,,,,1111
2024,뺑소니사고,29,0,40,,,,,,,,,,,,,,1111
2024,무면허사고,30,0,46,,,,,,,,,,,,,,1111
2024,전체,1320,7,1736,320.45,82.11,0,18,154,175,758,45,106,315,958,47,0,1112
2024,어린이사고,36,0,42,,,,,,,,,,,,,,1112
2024,노인사고,260,4,294,,,,,,,,,,,,,,1112
2024,보행자사고,315,5,319,,,,,,,,,,,,,,1112
2024,자전거사고,81,0,88,,,,,,,,,,,,,,1112
2024,야간사고,545,4,704,,,,,,,,,,,,,,1112
2024,어린이보행사고,12,0,14,,,,,,,,,,,,,,1112
2024,스쿨존내어린이사고,9,0,10,,,,,,,,,,,,,,1112
2024,고령운전사고,297,3,398,,,,,,,,,,,,,,1112
2024,고령보행사고,97,4,93,,,,,,,,,,,,,,1112
2024,PM사고,10,0,10,,,,,,,,,,,,,,1112
2024,뺑소니사고,19,0,25,,,,,,,,,,,,,,1112
2024,무면허사고,18,0,22,,,,,,,,,,,,,,1112
2024,전체,1948,8,2643,490.47,123.16,0,41,225,395,1056,40,129,337,1559,52,0,1113
2024,어린이사고,60,0,74,,,,,,,,,,,,,,1113
2024,노인사고,334,4,356,,,,,,,,,,,,,,1113
2024,보행자사고,337,5,338,,,,,,,,,,,,,,1113
2024,자전거사고,171,0,193,,,,,,,,,,,,,,1113
2024,야간사고,761,1,1087,,,,,,,,,,,,,,1113
2024,어린이보행사고,14,0,14,,,,,,,,,,,,,,1113
2024,스쿨존내어린이사고,5,0,5,,,,,,,,,,,,,,1113
2024,고령운전사고,392,0,515,,,,,,,,,,,,,,1113
2024,고령보행사고,79,4,75,,,,,,,,,,,,,,1113
2024,PM사고,16,0,20,,,,,,,,,,,,,,1113
2024,뺑소니사고,24,0,28,,,,,,,,,,,,,,1113
2024,무면허사고,26,0,37,,,,,,,,,,,,,,1113
2024,전체,1230,2,1615,317.54,102.54,0,11,132,225,684,29,82,330,851,49,0,1114
2024,어린이사고,36,0,42,,,,,,,,,,,,,,1114
2024,노인사고,227,2,242,,,,,,,,,,,,,,1114
2024,보행자사고,331,2,337,,,,,,,,,,,,,,1114
2024,자전거사고,38,0,39,,,,,,,,,,,,,,1114
2024,야간사고,468,1,613,,,,,,,,,,,,,,1114
2024,어린이보행사고,16,0,16,,,,,,,,,,,,,,1114
2024,스쿨존내어린이사고,4,0,4,,,,,,,,,,,,,,1114
2024,고령운전사고,253,1,345,,,,,,,,,,,,,,1114
2024,고령보행사고,82,2,80,,,,,,,,,,,,,,1114
2024,PM사고,15,0,17,,,,,,,,,,,,,,1114
2024,뺑소니사고,15,0,19,,,,,,,,,,,,,,1114
2024,무면허사고,17,0,26,,,,,,,,,,,,,,1114
2024,전체,1254,13,1581,253.02,90.42,0,16,126,118,834,46,83,367,852,35,0,1115
2024,어린이사고,29,0,43,,,,,,,,,,,,,,1115
2024,노인사고,215,6,225,,,,,,,,,,,,,,1115
2024,보행자사고,366,8,368,,,,,,,,,,,,,,1115
2024,자전거사고,37,1,40,,,,,,,,,,,,,,1115
2024,야간사고,518,6,632,,,,,,,,,,,,,,1115
2024,어린이보행사고,10,0,10,,,,,,,,,,,,,,1115
2024,스쿨존내어린이사고,2,0,2,,,,,,,,,,,,,,1115
2024,고령운전사고,263,2,358,,,,,,,,,,,,,,1115
2024,고령보행사고,82,5,78,,,,,,,,,,,,,,1115
2024,PM사고,16,0,18,,,,,,,,,,,,,,1115
2024,뺑소니사고,28,0,38,,,,,,,,,,,,,,1115
2024,무면허사고,14,0,18,,,,,,,,,,,,,,1115
2024,전체,3754,11,4863,666.53,138.79,0,43,279,645,2275,108,270,805,2883,66,0,1116
2024,어린이사고,93,0,109,,,,,,,,,,,,,,1116
2024,노인사고,467,4,494,,,,,,,,,,,,,,1116
2024,보행자사고,821,5,837,,,,,,,,,,,,,,1116
2024,자전거사고,117,0,132,,,,,,,,,,,,,,1116
2024,야간사고,1427,6,1893,,,,,,,,,,,,,,1116
2024,어린이보행사고,37,0,37,,,,,,,,,,,,,,1116
2024,스쿨존내어린이사고,6,0,6,,,,,,,,,,,,,,1116
2024,고령운전사고,686,1,886,,,,,,,,,,,,,,1116
2024,고령보행사고,110,2,108,,,,,,,,,,,,,,1116
2024,PM사고,94,0,100,,,,,,,,,,,,,,1116
2024,뺑소니사고,106,1,137,,,,,,,,,,,,,,1116
2024,무면허사고,76,0,94,,,,,,,,,,,,,,1116
2024,전체,1428,9,1921,296.59,79.85,0,21,113,143,994,21,89,358,1048,22,0,1117
2024,어린이사고,74,0,91,,,,,,,,,,,,,,1117
2024,노인사고,247,4,254,,,,,,,,,,,,,,1117
2024,보행자사고,357,2,364,,,,,,,,,,,,,,1117
2024,자전거사고,80,1,87,,,,,,,,,,,,,,1117
2024,야간사고,495,7,652,,,,,,,,,,,,,,1117
2024,어린이보행사고,27,0,27,,,,,,,,,,,,,,1117
2024,스쿨존내어린이사고,3,0,3,,,,,,,,,,,,,,1117
2024,고령운전사고,338,3,482,,,,,,,,,,,,,,1117
2024,고령보행사고,100,1,99,,,,,,,,,,,,,,1117
2024,PM사고,16,0,17,,,,,,,,,,,,,,1117
2024,뺑소니사고,34,1,42,,,,,,,,,,,,,,1117
2024,무면허사고,26,0,31,,,,,,,,,,,,,,1117
2024,전체,2500,20,3424,380.92,95.49,0,42,275,358,1561,62,146,495,1942,63,0,1118
2024,어린이사고,105,1,128,,,,,,,,,,,,,,1118
2024,노인사고,408,12,427,,,,,,,,,,,,,,1118
2024,보행자사고,493,13,493,,,,,,,,,,,,,,1118
2024,자전거사고,186,1,210,,,,,,,,,,,,,,1118
2024,야간사고,1000,11,1310,,,,,,,,,,,,,,1118
2024,어린이보행사고,27,1,26,,,,,,,,,,,,,,1118
2024,스쿨존내어린이사고,6,1,5,,,,,,,,,,,,,,1118
2024,고령운전사고,520,4,708,,,,,,,,,,,,,,1118
2024,고령보행사고,116,8,109,,,,,,,,,,,,,,1118
2024,PM사고,56,0,70,,,,,,,,,,,,,,1118
2024,뺑소니사고,26,0,38,,,,,,,,,,,,,,1118
2024,무면허사고,50,0,71,,,,,,,,,,,,,,1118
2024,전체,2027,17,2959,490.71,106.57,0,21,137,544,1035,31,184,319,1657,51,0,1119
2024,어린이사고,73,0,93,,,,,,,,,,,,,,1119
2024,노인사고,285,8,308,,,,,,,,,,,,,,1119
2024,보행자사고,323,8,326,,,,,,,,,,,,,,1119
2024,자전거사고,39,0,45,,,,,,,,,,,,,,1119
2024,야간사고,699,11,1008,,,,,,,,,,,,,,1119
2024,어린이보행사고,13,0,14,,,,,,,,,,,,,,1119
2024,스쿨존내어린이사고,5,0,5,,,,,,,,,,,,,,1119
2024,고령운전사고,434,1,638,,,,,,,,,,,,,,1119
2024,고령보행사고,47,5,43,,,,,,,,,,,,,,1119
2024,PM사고,26,1,32,,,,,,,,,,,,,,1119
2024,뺑소니사고,91,0,127,,,,,,,,,,,,,,1119
2024,무면허사고,17,1,18,,,,,,,,,,,,,,1119
2024,전체,1274,7,1689,293.31,78.01,0,15,112,246,726,48,81,288,931,55,0,1120
2024,어린이사고,66,0,71,,,,,,,,,,,,,,1120
2024,노인사고,222,5,237,,,,,,,,,,,,,,1120
2024,보행자사고,291,3,309,,,,,,,,,,,,,,1120
2024,자전거사고,73,1,83,,,,,,,,,,,,,,1120
2024,야간사고,474,0,634,,,,,,,,,,,,,,1120
2024,어린이보행사고,27,0,27,,,,,,,,,,,,,,1120
2024,스쿨존내어린이사고,7,0,7,,,,,,,,,,,,,,1120
2024,고령운전사고,270,4,345,,,,,,,,,,,,,,1120
2024,고령보행사고,87,1,93,,,,,,,,,,,,,,1120
2024,PM사고,17,0,19,,,,,,,,,,,,,,1120
2024,뺑소니사고,26,0,31,,,,,,,,,,,,,,1120
2024,무면허사고,12,0,14,,,,,,,,,,,,,,1120
2024,전체,1199,8,1623,311.15,84.59,0,31,128,192,631,59,132,296,866,37,0,1121
2024,어린이사고,46,0,59,,,,,,,,,,,,,,1121
2024,노인사고,273,6,305,,,,,,,,,,,,,,1121
2024,보행자사고,298,5,302,,,,,,,,,,,,,,1121
2024,자전거사고,87,1,97,,,,,,,,,,,,,,1121
2024,야간사고,464,3,616,,,,,,,,,,,,,,1121
2024,어린이보행사고,15,0,16,,,,,,,,,,,,,,1121
2024,스쿨존내어린이사고,2,0,2,,,,,,,,,,,,,,1121
2024,고령운전사고,283,2,382,,,,,,,,,,,,,,1121
2024,고령보행사고,88,4,84,,,,,,,,,,,,,,1121
2024,PM사고,15,0,15,,,,,,,,,,,,,,1121
2024,뺑소니사고,20,0,25,,,,,,,,,,,,,,1121
2024,무면허사고,15,0,17,,,,,,,,,,,,,,1121
2024,전체,1288,5,1717,259.39,77.26,0,37,150,189,696,59,98,275,971,42,0,1122
2024,어린이사고,64,0,74,,,,,,,,,,,,,,1122
2024,노인사고,268,2,284,,,,,,,,,,,,,,1122
2024,보행자사고,272,3,280,,,,,,,,,,,,,,1122
2024,자전거사고,94,0,105,,,,,,,,,,,,,,1122
2024,야간사고,417,4,578,,,,,,,,,,,,,,1122
2024,어린이보행사고,27,0,27,,,,,,,,,,,,,,1122
2024,스쿨존내어린이사고,7,0,7,,,,,,,,,,,,,,1122
2024,고령운전사고,279,1,373,,,,,,,,,,,,,,1122
2024,고령보행사고,85,2,83,,,,,,,,,,,,,,1122
2024,PM사고,23,0,24,,,,,,,,,,,,,,1122
2024,뺑소니사고,25,0,30,,,,,,,,,,,,,,1122
2024,무면허사고,16,1,16,,,,,,,,,,,,,,1122
2024,전체,785,4,1018,225.15,67.79,0,12,88,136,430,38,56,188,582,15,0,1123
2024,어린이사고,23,0,28,,,,,,,,,,,,,,1123
2024,노인사고,113,2,119,,,,,,,,,,,,,,1123
2024,보행자사고,190,3,189,,,,,,,,,,,,,,1123
2024,자전거사고,45,1,51,,,,,,,,,,,,,,1123
2024,야간사고,302,1,401,,,,,,,,,,,,,,1123
2024,어린이보행사고,11,0,11,,,,,,,,,,,,,,1123
2024,스쿨존내어린이사고,4,0,5,,,,,,,,,,,,,,1123
2024,고령운전사고,184,2,249,,,,,,,,,,,,,,1123
2024,고령보행사고,47,1,47,,,,,,,,,,,,,,1123
2024,PM사고,12,0,12,,,,,,,,,,,,,,1123
2024,뺑소니사고,24,0,26,,,,,,,,,,,,,,1123
2024,무면허사고,8,0,12,,,,,,,,,,,,,,1123
2024,전체,877,5,1123,303.07,95.77,0,17,98,75,503,26,124,263,577,37,0,1124
2024,어린이사고,29,0,35,,,,,,,,,,,,,,1124
2024,노인사고,208,4,220,,,,,,,,,,,,,,1124
2024,보행자사고,268,4,278,,,,,,,,,,,,,,1124
2024,자전거사고,43,0,44,,,,,,,,,,,,,,1124
2024,야간사고,336,2,419,,,,,,,,,,,,,,1124
2024,어린이보행사고,12,0,13,,,,,,,,,,,,,,1124
2024,스쿨존내어린이사고,2,0,3,,,,,,,,,,,,,,1124
2024,고령운전사고,220,3,287,,,,,,,,,,,,,,1124
2024,고령보행사고,94,3,94,,,,,,,,,,,,,,1124
2024,PM사고,9,0,11,,,,,,,,,,,,,,1124
2024,뺑소니사고,16,0,24,,,,,,,,,,,,,,1124
2024,무면허사고,11,0,12,,,,,,,,,,,,,,1124
2024,전체,798,8,1071,333.79,75.62,0,15,83,110,491,1,62,186,570,42,0,1125
2024,어린이사고,32,1,40,,,,,,,,,,,,,,1125
2024,노인사고,143,4,149,,,,,,,,,,,,,,1125
2024,보행자사고,188,2,194,,,,,,,,,,,,,,1125
2024,자전거사고,38,2,42,,,,,,,,,,,,,,1125
2024,야간사고,317,4,424,,,,,,,,,,,,,,1125
2024,어린이보행사고,5,0,5,,,,,,,,,,,,,,1125
2024,스쿨존내어린이사고,2,0,2,,,,,,,,,,,,,,1125
2024,고령운전사고,168,4,220,,,,,,,,,,,,,,1125
2024,고령보행사고,54,1,53,,,,,,,,,,,,,,1125
2024,PM사고,10,0,10,,,,,,,,,,,,,,1125
2024,뺑소니사고,11,0,18,,,,,,,,,,,,,,1125
2024,무면허사고,14,0,14,,,,,,,,,,,,,,1125
